fungicide,experiment,isolate,rep,dose,length_a,length_b
azoxystrobin,1,1,1,0,29.37,26.84
azoxystrobin,1,1,2,0,26.1,26.88
azoxystrobin,1,1,3,0,NA,NA
azoxystrobin,1,1,1,0.1,27.07,25.62
azoxystrobin,1,1,2,0.1,24.73,25.98
azoxystrobin,1,1,3,0.1,20.21,19.84
azoxystrobin,1,1,1,0.5,23.69,23.7
azoxystrobin,1,1,2,0.5,21.66,20.61
azoxystrobin,1,1,3,0.5,17.15,14.91
azoxystrobin,1,1,1,0.1,18.61,18.88
azoxystrobin,1,1,2,0.1,19.08,18.14
azoxystrobin,1,1,3,0.1,17.6,16.4
azoxystrobin,1,1,1,1,20.62,21.79
azoxystrobin,1,1,2,1,17.88,17.34
azoxystrobin,1,1,3,1,22.2,19.53
azoxystrobin,1,1,1,10,0,0
azoxystrobin,1,1,2,10,0,0
azoxystrobin,1,1,3,10,0,0
azoxystrobin,1,2,1,0,34.46,32.29
azoxystrobin,1,2,2,0,39.96,38.45
azoxystrobin,1,2,3,0,36.58,36.55
azoxystrobin,1,2,1,0.1,29.35,29
azoxystrobin,1,2,2,0.1,35.95,37.76
azoxystrobin,1,2,3,0.1,32.19,33.55
azoxystrobin,1,2,1,0.5,27.69,28.99
azoxystrobin,1,2,2,0.5,28.57,29.47
azoxystrobin,1,2,3,0.5,28.88,29.8
azoxystrobin,1,2,1,0.1,19.44,20.07
azoxystrobin,1,2,2,0.1,24.42,23.93
azoxystrobin,1,2,3,0.1,19.61,19.54
azoxystrobin,1,2,1,1,19.63,19.77
azoxystrobin,1,2,2,1,21.14,23.43
azoxystrobin,1,2,3,1,23.24,23.02
azoxystrobin,1,2,1,10,0,0
azoxystrobin,1,2,2,10,0,0
azoxystrobin,1,2,3,10,0,0
azoxystrobin,1,3,1,0,38.69,39.27
azoxystrobin,1,3,2,0,44.39,45.67
azoxystrobin,1,3,3,0,45.53,42.17
azoxystrobin,1,3,1,0.1,39.37,38.02
azoxystrobin,1,3,2,0.1,40.47,41.28
azoxystrobin,1,3,3,0.1,40.38,39.31
azoxystrobin,1,3,1,0.5,30.59,31.96
azoxystrobin,1,3,2,0.5,33.11,36.59
azoxystrobin,1,3,3,0.5,36.01,36.47
azoxystrobin,1,3,1,0.1,26.44,26.14
azoxystrobin,1,3,2,0.1,30.93,29.95
azoxystrobin,1,3,3,0.1,29.75,30.81
azoxystrobin,1,3,1,1,27.39,26.3
azoxystrobin,1,3,2,1,31.77,27.28
azoxystrobin,1,3,3,1,25.6,27.34
azoxystrobin,1,3,1,10,0,0
azoxystrobin,1,3,2,10,0,0
azoxystrobin,1,3,3,10,0,0
azoxystrobin,1,4,1,0,39.88,41.28
azoxystrobin,1,4,2,0,43.82,40.42
azoxystrobin,1,4,3,0,42.48,42.49
azoxystrobin,1,4,1,0.1,32.54,35.29
azoxystrobin,1,4,2,0.1,37.35,34.08
azoxystrobin,1,4,3,0.1,36.61,36.19
azoxystrobin,1,4,1,0.5,28.8,28.2
azoxystrobin,1,4,2,0.5,30.56,29.74
azoxystrobin,1,4,3,0.5,27.97,32.35
azoxystrobin,1,4,1,0.1,23.99,24.02
azoxystrobin,1,4,2,0.1,23.9,21.74
azoxystrobin,1,4,3,0.1,25.46,23.8
azoxystrobin,1,4,1,1,23.85,22.9
azoxystrobin,1,4,2,1,26.53,22.47
azoxystrobin,1,4,3,1,26.12,26.52
azoxystrobin,1,4,1,10,0,0
azoxystrobin,1,4,2,10,0,0
azoxystrobin,1,4,3,10,0,0
azoxystrobin,1,5,1,0,34.32,36.67
azoxystrobin,1,5,2,0,33.43,33.86
azoxystrobin,1,5,3,0,32.93,33.2
azoxystrobin,1,5,1,0.1,26.65,28.34
azoxystrobin,1,5,2,0.1,32.84,34.15
azoxystrobin,1,5,3,0.1,31.08,31.07
azoxystrobin,1,5,1,0.5,21.2,21.22
azoxystrobin,1,5,2,0.5,21.32,21.34
azoxystrobin,1,5,3,0.5,19.15,20.73
azoxystrobin,1,5,1,0.1,20.79,20.81
azoxystrobin,1,5,2,0.1,15.79,15.7
azoxystrobin,1,5,3,0.1,16.64,15.38
azoxystrobin,1,5,1,1,21.79,21.06
azoxystrobin,1,5,2,1,20.63,20.77
azoxystrobin,1,5,3,1,17.4,17.38
azoxystrobin,1,5,1,10,16.16,16.17
azoxystrobin,1,5,2,10,8.98,8.58
azoxystrobin,1,5,3,10,13.05,12.81
azoxystrobin,1,6,1,0,34.28,33.88
azoxystrobin,1,6,2,0,39.44,39.66
azoxystrobin,1,6,3,0,42.57,42.58
azoxystrobin,1,6,1,0.1,35.13,33.96
azoxystrobin,1,6,2,0.1,38.05,39.94
azoxystrobin,1,6,3,0.1,40.25,37.7
azoxystrobin,1,6,1,0.5,30.97,31.75
azoxystrobin,1,6,2,0.5,32.74,33.77
azoxystrobin,1,6,3,0.5,32.73,30.42
azoxystrobin,1,6,1,0.1,28.22,27.44
azoxystrobin,1,6,2,0.1,27.83,27.13
azoxystrobin,1,6,3,0.1,29.75,26.14
azoxystrobin,1,6,1,1,26.25,28.06
azoxystrobin,1,6,2,1,33.83,34.23
azoxystrobin,1,6,3,1,24.03,23.29
azoxystrobin,1,6,1,10,0,0
azoxystrobin,1,6,2,10,0,0
azoxystrobin,1,6,3,10,0,0
azoxystrobin,1,7,1,0,37.41,38.2
azoxystrobin,1,7,2,0,34.73,37.12
azoxystrobin,1,7,3,0,36.48,37.22
azoxystrobin,1,7,1,0.1,37.3,36.42
azoxystrobin,1,7,2,0.1,36.68,38.11
azoxystrobin,1,7,3,0.1,32.33,33.72
azoxystrobin,1,7,1,0.5,25.79,27.17
azoxystrobin,1,7,2,0.5,27.78,27.57
azoxystrobin,1,7,3,0.5,22.71,22.74
azoxystrobin,1,7,1,0.1,22.08,21.91
azoxystrobin,1,7,2,0.1,20.85,20.86
azoxystrobin,1,7,3,0.1,19.78,19.8
azoxystrobin,1,7,1,1,19.72,21.93
azoxystrobin,1,7,2,1,19.72,16.64
azoxystrobin,1,7,3,1,21.37,20.46
azoxystrobin,1,7,1,10,0,0
azoxystrobin,1,7,2,10,18.85,18.37
azoxystrobin,1,7,3,10,0,0
azoxystrobin,1,8,1,0,43.35,40.72
azoxystrobin,1,8,2,0,37.48,37.68
azoxystrobin,1,8,3,0,28.01,26.58
azoxystrobin,1,8,1,0.1,39.82,39.61
azoxystrobin,1,8,2,0.1,37.27,37.26
azoxystrobin,1,8,3,0.1,28.48,30.31
azoxystrobin,1,8,1,0.5,31.61,31.45
azoxystrobin,1,8,2,0.5,26.09,27.22
azoxystrobin,1,8,3,0.5,21.88,22.78
azoxystrobin,1,8,1,0.1,24.92,24.6
azoxystrobin,1,8,2,0.1,17.32,23.6
azoxystrobin,1,8,3,0.1,18.78,20.44
azoxystrobin,1,8,1,1,26.72,26.72
azoxystrobin,1,8,2,1,23.81,24.84
azoxystrobin,1,8,3,1,23.85,25.52
azoxystrobin,1,8,1,10,0,0
azoxystrobin,1,8,2,10,0,0
azoxystrobin,1,8,3,10,0,0
azoxystrobin,1,9,1,0,36.1,40.29
azoxystrobin,1,9,2,0,31.07,31.69
azoxystrobin,1,9,3,0,37.38,36.77
azoxystrobin,1,9,1,0.1,32.26,32.7
azoxystrobin,1,9,2,0.1,33.61,33.58
azoxystrobin,1,9,3,0.1,34.02,34.43
azoxystrobin,1,9,1,0.5,23.78,19.07
azoxystrobin,1,9,2,0.5,27.15,26.28
azoxystrobin,1,9,3,0.5,25.75,25.77
azoxystrobin,1,9,1,0.1,19.1,19.79
azoxystrobin,1,9,2,0.1,21.58,21.81
azoxystrobin,1,9,3,0.1,19.7,21.04
azoxystrobin,1,9,1,1,21.63,21.13
azoxystrobin,1,9,2,1,24.4,23.2
azoxystrobin,1,9,3,1,21.95,20.37
azoxystrobin,1,9,1,10,0,0
azoxystrobin,1,9,2,10,0,0
azoxystrobin,1,9,3,10,0,0
azoxystrobin,1,10,1,0,31.92,34.34
azoxystrobin,1,10,2,0,34.24,34.45
azoxystrobin,1,10,3,0,34.8,36.56
azoxystrobin,1,10,1,0.1,32.41,33.23
azoxystrobin,1,10,2,0.1,33.66,31.93
azoxystrobin,1,10,3,0.1,27.65,29.28
azoxystrobin,1,10,1,0.5,25.05,24.48
azoxystrobin,1,10,2,0.5,25.77,27.03
azoxystrobin,1,10,3,0.5,25.85,26.11
azoxystrobin,1,10,1,0.1,19.72,20.25
azoxystrobin,1,10,2,0.1,21.79,21.83
azoxystrobin,1,10,3,0.1,20.68,19.78
azoxystrobin,1,10,1,1,23.93,24.92
azoxystrobin,1,10,2,1,24.43,23.33
azoxystrobin,1,10,3,1,21.48,22.15
azoxystrobin,1,10,1,10,0,0
azoxystrobin,1,10,2,10,0,0
azoxystrobin,1,10,3,10,0,0
azoxystrobin,1,11,1,0,39.56,40.26
azoxystrobin,1,11,2,0,41.08,42.44
azoxystrobin,1,11,3,0,39.99,42.57
azoxystrobin,1,11,1,0.1,NA,NA
azoxystrobin,1,11,2,0.1,38.37,38.84
azoxystrobin,1,11,3,0.1,40.62,40.07
azoxystrobin,1,11,1,0.5,33.04,32.74
azoxystrobin,1,11,2,0.5,31.51,31.52
azoxystrobin,1,11,3,0.5,32.83,33.57
azoxystrobin,1,11,1,0.1,27.44,26.99
azoxystrobin,1,11,2,0.1,31.44,32.69
azoxystrobin,1,11,3,0.1,24.49,24.98
azoxystrobin,1,11,1,1,30.83,28.56
azoxystrobin,1,11,2,1,27.45,29.26
azoxystrobin,1,11,3,1,28.11,28.87
azoxystrobin,1,11,1,10,0,0
azoxystrobin,1,11,2,10,0,0
azoxystrobin,1,11,3,10,0,0
azoxystrobin,1,12,1,0,40.91,41.22
azoxystrobin,1,12,2,0,41.78,41.79
azoxystrobin,1,12,3,0,36.26,37.92
azoxystrobin,1,12,1,0.1,33.98,32.74
azoxystrobin,1,12,2,0.1,39.73,41.81
azoxystrobin,1,12,3,0.1,37.7,38.26
azoxystrobin,1,12,1,0.5,32.39,28.95
azoxystrobin,1,12,2,0.5,33.65,34.48
azoxystrobin,1,12,3,0.5,35.18,34.22
azoxystrobin,1,12,1,0.1,30.33,31.05
azoxystrobin,1,12,2,0.1,26.18,26.61
azoxystrobin,1,12,3,0.1,29.28,29.35
azoxystrobin,1,12,1,1,34.45,31.34
azoxystrobin,1,12,2,1,33.1,31.02
azoxystrobin,1,12,3,1,32.51,30.32
azoxystrobin,1,12,1,10,0,0
azoxystrobin,1,12,2,10,0,0
azoxystrobin,1,12,3,10,0,0
azoxystrobin,1,13,1,0,37.5,41.14
azoxystrobin,1,13,2,0,39.96,38.98
azoxystrobin,1,13,3,0,40.7,41.87
azoxystrobin,1,13,1,0.1,39.35,39.44
azoxystrobin,1,13,2,0.1,40.81,41.25
azoxystrobin,1,13,3,0.1,45.74,45.74
azoxystrobin,1,13,1,0.5,42.41,42.76
azoxystrobin,1,13,2,0.5,44.48,44.48
azoxystrobin,1,13,3,0.5,42.81,42.18
azoxystrobin,1,13,1,0.1,41.55,40.3
azoxystrobin,1,13,2,0.1,42.62,42.77
azoxystrobin,1,13,3,0.1,43.83,43
azoxystrobin,1,13,1,1,39.5,39.79
azoxystrobin,1,13,2,1,41.53,41.72
azoxystrobin,1,13,3,1,41.82,41.66
azoxystrobin,1,13,1,10,0,0
azoxystrobin,1,13,2,10,0,0
azoxystrobin,1,13,3,10,0,0
azoxystrobin,1,14,1,0,37.44,36.93
azoxystrobin,1,14,2,0,32.46,32.01
azoxystrobin,1,14,3,0,33.36,30.02
azoxystrobin,1,14,1,0.1,36.28,36.3
azoxystrobin,1,14,2,0.1,35.37,33.43
azoxystrobin,1,14,3,0.1,32.43,32.26
azoxystrobin,1,14,1,0.5,24.05,25.26
azoxystrobin,1,14,2,0.5,22.9,21.37
azoxystrobin,1,14,3,0.5,22.78,18.72
azoxystrobin,1,14,1,0.1,16.91,16.92
azoxystrobin,1,14,2,0.1,14.81,17.4
azoxystrobin,1,14,3,0.1,18.74,16.22
azoxystrobin,1,14,1,1,18.46,18.11
azoxystrobin,1,14,2,1,NA,NA
azoxystrobin,1,14,3,1,20.64,17.19
azoxystrobin,1,14,1,10,0,0
azoxystrobin,1,14,2,10,0,0
azoxystrobin,1,14,3,10,0,0
azoxystrobin,1,15,1,0,32.73,33.43
azoxystrobin,1,15,2,0,36.87,36.32
azoxystrobin,1,15,3,0,34.05,34.26
azoxystrobin,1,15,1,0.1,32.4,31.23
azoxystrobin,1,15,2,0.1,30.24,29.79
azoxystrobin,1,15,3,0.1,30.36,31.38
azoxystrobin,1,15,1,0.5,22.37,23.18
azoxystrobin,1,15,2,0.5,22.93,23.66
azoxystrobin,1,15,3,0.5,22.28,21.48
azoxystrobin,1,15,1,0.1,21.75,19.58
azoxystrobin,1,15,2,0.1,16.91,17.09
azoxystrobin,1,15,3,0.1,17.15,17.88
azoxystrobin,1,15,1,1,20.85,22.41
azoxystrobin,1,15,2,1,20.38,19.27
azoxystrobin,1,15,3,1,17.74,18.68
azoxystrobin,1,15,1,10,0,0
azoxystrobin,1,15,2,10,0,0
azoxystrobin,1,15,3,10,0,0
azoxystrobin,1,16,1,0,37.54,41.17
azoxystrobin,1,16,2,0,32.55,34.84
azoxystrobin,1,16,3,0,32.93,31.73
azoxystrobin,1,16,1,0.1,33.31,33.3
azoxystrobin,1,16,2,0.1,32.88,32.89
azoxystrobin,1,16,3,0.1,31.85,33.33
azoxystrobin,1,16,1,0.5,24.5,22.85
azoxystrobin,1,16,2,0.5,24.61,24.6
azoxystrobin,1,16,3,0.5,24.31,25.65
azoxystrobin,1,16,1,0.1,18.53,19.12
azoxystrobin,1,16,2,0.1,19.52,20.05
azoxystrobin,1,16,3,0.1,20.58,18.93
azoxystrobin,1,16,1,1,22.72,20.85
azoxystrobin,1,16,2,1,22.4,22.86
azoxystrobin,1,16,3,1,20.05,18.23
azoxystrobin,1,16,1,10,0,0
azoxystrobin,1,16,2,10,0,0
azoxystrobin,1,16,3,10,0,0
ethaboxam,1,1,1,0,38.04,38.58
ethaboxam,1,1,2,0,38.84,37.31
ethaboxam,1,1,3,0,44,44.01
ethaboxam,1,1,1,0.001,41,41.61
ethaboxam,1,1,2,0.001,40.5,40.6
ethaboxam,1,1,3,0.001,43.34,43.44
ethaboxam,1,1,1,0.01,23.4,21.81
ethaboxam,1,1,2,0.01,21.88,21.26
ethaboxam,1,1,3,0.01,21.89,23.9
ethaboxam,1,1,1,0.05,0,0
ethaboxam,1,1,2,0.05,0,0
ethaboxam,1,1,3,0.05,0,0
ethaboxam,1,1,1,0.1,0,0
ethaboxam,1,1,2,0.1,0,0
ethaboxam,1,1,3,0.1,0,0
ethaboxam,1,1,1,1,0,0
ethaboxam,1,1,2,1,0,0
ethaboxam,1,1,3,1,0,0
ethaboxam,1,2,1,0,41,44.15
ethaboxam,1,2,2,0,42.27,42.06
ethaboxam,1,2,3,0,43.88,42.53
ethaboxam,1,2,1,0.001,40.55,39.79
ethaboxam,1,2,2,0.001,39.89,42.73
ethaboxam,1,2,3,0.001,39.59,45.4
ethaboxam,1,2,1,0.01,33.71,34.03
ethaboxam,1,2,2,0.01,34.7,36.45
ethaboxam,1,2,3,0.01,30.14,29.6
ethaboxam,1,2,1,0.05,11.01,10.55
ethaboxam,1,2,2,0.05,11.74,10.83
ethaboxam,1,2,3,0.05,13.1,12.21
ethaboxam,1,2,1,0.1,5.61,6.28
ethaboxam,1,2,2,0.1,6.56,6.53
ethaboxam,1,2,3,0.1,6.48,6.45
ethaboxam,1,2,1,1,0,0
ethaboxam,1,2,2,1,0,0
ethaboxam,1,2,3,1,0,0
ethaboxam,1,3,1,0,41.35,41.54
ethaboxam,1,3,2,0,39.85,40.54
ethaboxam,1,3,3,0,44.79,43.58
ethaboxam,1,3,1,0.001,40.37,38.31
ethaboxam,1,3,2,0.001,40.04,40.45
ethaboxam,1,3,3,0.001,38.13,38.13
ethaboxam,1,3,1,0.01,35.79,33.36
ethaboxam,1,3,2,0.01,32.43,34.62
ethaboxam,1,3,3,0.01,33.83,34.69
ethaboxam,1,3,1,0.05,14.17,13.98
ethaboxam,1,3,2,0.05,14.2,15.69
ethaboxam,1,3,3,0.05,14.14,11.98
ethaboxam,1,3,1,0.1,7.9,9.21
ethaboxam,1,3,2,0.1,7.04,6
ethaboxam,1,3,3,0.1,8.15,6.23
ethaboxam,1,3,1,1,6.41,6.4
ethaboxam,1,3,2,1,0,0
ethaboxam,1,3,3,1,0,0
ethaboxam,1,4,1,0,43.9,43.5
ethaboxam,1,4,2,0,43.78,42.39
ethaboxam,1,4,3,0,43.76,44.28
ethaboxam,1,4,1,0.001,40.63,38.87
ethaboxam,1,4,2,0.001,44.91,41.98
ethaboxam,1,4,3,0.001,41.52,40.42
ethaboxam,1,4,1,0.01,34.72,34.7
ethaboxam,1,4,2,0.01,34.22,32.32
ethaboxam,1,4,3,0.01,34.65,34.66
ethaboxam,1,4,1,0.05,13.95,13.9
ethaboxam,1,4,2,0.05,15.85,13.42
ethaboxam,1,4,3,0.05,14.8,16.9
ethaboxam,1,4,1,0.1,8.3,6.33
ethaboxam,1,4,2,0.1,8.39,7.45
ethaboxam,1,4,3,0.1,7.17,6.93
ethaboxam,1,4,1,1,0,0
ethaboxam,1,4,2,1,0,0
ethaboxam,1,4,3,1,0,0
ethaboxam,1,5,1,0,47.25,43.31
ethaboxam,1,5,2,0,41.53,40.74
ethaboxam,1,5,3,0,43.94,42.28
ethaboxam,1,5,1,0.001,41.58,40.54
ethaboxam,1,5,2,0.001,39.69,39.26
ethaboxam,1,5,3,0.001,40.18,38.95
ethaboxam,1,5,1,0.01,18.79,12.57
ethaboxam,1,5,2,0.01,12.79,12.41
ethaboxam,1,5,3,0.01,13.42,14.29
ethaboxam,1,5,1,0.05,0,0
ethaboxam,1,5,2,0.05,0,0
ethaboxam,1,5,3,0.05,0,0
ethaboxam,1,5,1,0.1,0,0
ethaboxam,1,5,2,0.1,0,0
ethaboxam,1,5,3,0.1,0,0
ethaboxam,1,5,1,1,0,0
ethaboxam,1,5,2,1,0,0
ethaboxam,1,5,3,1,0,0
ethaboxam,1,6,1,0,37.12,40.21
ethaboxam,1,6,2,0,40.28,37.21
ethaboxam,1,6,3,0,40.84,37.46
ethaboxam,1,6,1,0.001,39.51,36.81
ethaboxam,1,6,2,0.001,37.84,36.02
ethaboxam,1,6,3,0.001,40,40.44
ethaboxam,1,6,1,0.01,31.52,32.81
ethaboxam,1,6,2,0.01,30.09,30.3
ethaboxam,1,6,3,0.01,31.85,31.73
ethaboxam,1,6,1,0.05,7.8,11.28
ethaboxam,1,6,2,0.05,12.4,9.93
ethaboxam,1,6,3,0.05,11.17,9.41
ethaboxam,1,6,1,0.1,6.9,5.66
ethaboxam,1,6,2,0.1,7.52,6.1
ethaboxam,1,6,3,0.1,6.67,6.4
ethaboxam,1,6,1,1,0,0
ethaboxam,1,6,2,1,0,0
ethaboxam,1,6,3,1,0,0
ethaboxam,1,7,1,0,37.12,37.13
ethaboxam,1,7,2,0,37.88,37.87
ethaboxam,1,7,3,0,37.55,36.67
ethaboxam,1,7,1,0.001,32.49,31.04
ethaboxam,1,7,2,0.001,35.11,35.09
ethaboxam,1,7,3,0.001,35.79,36.23
ethaboxam,1,7,1,0.01,22.58,22.27
ethaboxam,1,7,2,0.01,22.67,21.65
ethaboxam,1,7,3,0.01,24,21.12
ethaboxam,1,7,1,0.05,0,0
ethaboxam,1,7,2,0.05,0,0
ethaboxam,1,7,3,0.05,0,0
ethaboxam,1,7,1,0.1,0,0
ethaboxam,1,7,2,0.1,0,0
ethaboxam,1,7,3,0.1,0,0
ethaboxam,1,7,1,1,0,0
ethaboxam,1,7,2,1,0,0
ethaboxam,1,7,3,1,0,0
ethaboxam,1,8,1,0,42.81,42.8
ethaboxam,1,8,2,0,42.14,41.98
ethaboxam,1,8,3,0,41.43,42.83
ethaboxam,1,8,1,0.001,39.2,39.49
ethaboxam,1,8,2,0.001,41.06,39.88
ethaboxam,1,8,3,0.001,41.28,41.29
ethaboxam,1,8,1,0.01,18.22,17.21
ethaboxam,1,8,2,0.01,18.35,17.03
ethaboxam,1,8,3,0.01,14.08,14.07
ethaboxam,1,8,1,0.05,0,0
ethaboxam,1,8,2,0.05,0,0
ethaboxam,1,8,3,0.05,0,0
ethaboxam,1,8,1,0.1,0,0
ethaboxam,1,8,2,0.1,0,0
ethaboxam,1,8,3,0.1,0,0
ethaboxam,1,8,1,1,0,0
ethaboxam,1,8,2,1,0,0
ethaboxam,1,8,3,1,0,0
ethaboxam,1,9,1,0,36.7,36.92
ethaboxam,1,9,2,0,37.98,37.29
ethaboxam,1,9,3,0,38.19,38.2
ethaboxam,1,9,1,0.001,35.81,36.71
ethaboxam,1,9,2,0.001,36.61,36.6
ethaboxam,1,9,3,0.001,36.4,35.41
ethaboxam,1,9,1,0.01,14.52,41.53
ethaboxam,1,9,2,0.01,13.89,16.12
ethaboxam,1,9,3,0.01,14.38,13.58
ethaboxam,1,9,1,0.05,0,0
ethaboxam,1,9,2,0.05,0,0
ethaboxam,1,9,3,0.05,0,0
ethaboxam,1,9,1,0.1,0,0
ethaboxam,1,9,2,0.1,0,0
ethaboxam,1,9,3,0.1,0,0
ethaboxam,1,9,1,1,0,0
ethaboxam,1,9,2,1,0,0
ethaboxam,1,9,3,1,0,0
ethaboxam,1,10,1,0,40.63,40.64
ethaboxam,1,10,2,0,41.01,41.14
ethaboxam,1,10,3,0,40.57,42.3
ethaboxam,1,10,1,0.001,40.16,39.85
ethaboxam,1,10,2,0.001,41.12,39.66
ethaboxam,1,10,3,0.001,40.51,42.01
ethaboxam,1,10,1,0.01,19.31,19.18
ethaboxam,1,10,2,0.01,18.29,19.04
ethaboxam,1,10,3,0.01,16.14,17.67
ethaboxam,1,10,1,0.05,0,0
ethaboxam,1,10,2,0.05,0,0
ethaboxam,1,10,3,0.05,0,0
ethaboxam,1,10,1,0.1,0,0
ethaboxam,1,10,2,0.1,0,0
ethaboxam,1,10,3,0.1,0,0
ethaboxam,1,10,1,1,0,0
ethaboxam,1,10,2,1,0,0
ethaboxam,1,10,3,1,0,0
ethaboxam,1,11,1,0,42.32,42.37
ethaboxam,1,11,2,0,43.5,45.9
ethaboxam,1,11,3,0,38.56,44.32
ethaboxam,1,11,1,0.001,42.01,42.55
ethaboxam,1,11,2,0.001,40.19,41.2
ethaboxam,1,11,3,0.001,41.61,42.8
ethaboxam,1,11,1,0.01,31.54,32.25
ethaboxam,1,11,2,0.01,36,33.93
ethaboxam,1,11,3,0.01,35.24,35.25
ethaboxam,1,11,1,0.05,12.18,9.49
ethaboxam,1,11,2,0.05,12.7,10.32
ethaboxam,1,11,3,0.05,10.44,9.8
ethaboxam,1,11,1,0.1,6.84,5.32
ethaboxam,1,11,2,0.1,6.02,8.23
ethaboxam,1,11,3,0.1,8.63,6.66
ethaboxam,1,11,1,1,0,0
ethaboxam,1,11,2,1,0,0
ethaboxam,1,11,3,1,0,0
ethaboxam,1,12,1,0,41.81,41.83
ethaboxam,1,12,2,0,40.93,40.9
ethaboxam,1,12,3,0,41.51,40.64
ethaboxam,1,12,1,0.001,40.2,42.86
ethaboxam,1,12,2,0.001,41.55,42.25
ethaboxam,1,12,3,0.001,41.93,42.17
ethaboxam,1,12,1,0.01,35.24,37.19
ethaboxam,1,12,2,0.01,10.55,11.29
ethaboxam,1,12,3,0.01,31.31,34.97
ethaboxam,1,12,1,0.05,11.71,11.14
ethaboxam,1,12,2,0.05,34.71,35.65
ethaboxam,1,12,3,0.05,13.05,10.07
ethaboxam,1,12,1,0.1,7.24,6
ethaboxam,1,12,2,0.1,8.3,6.38
ethaboxam,1,12,3,0.1,7.12,6.16
ethaboxam,1,12,1,1,0,0
ethaboxam,1,12,2,1,0,0
ethaboxam,1,12,3,1,0,0
ethaboxam,1,13,1,0,40.4,41.71
ethaboxam,1,13,2,0,42.3,42.45
ethaboxam,1,13,3,0,42.2,42.09
ethaboxam,1,13,1,0.001,40.8,39.83
ethaboxam,1,13,2,0.001,42.31,41.82
ethaboxam,1,13,3,0.001,41.74,41.7
ethaboxam,1,13,1,0.01,32.48,32.5
ethaboxam,1,13,2,0.01,31.81,31.47
ethaboxam,1,13,3,0.01,36.52,37.76
ethaboxam,1,13,1,0.05,15.01,14.61
ethaboxam,1,13,2,0.05,17.03,17.04
ethaboxam,1,13,3,0.05,18.6,18.56
ethaboxam,1,13,1,0.1,9.18,10.74
ethaboxam,1,13,2,0.1,10.02,8.5
ethaboxam,1,13,3,0.1,7.85,7.12
ethaboxam,1,13,1,1,4,4.42
ethaboxam,1,13,2,1,0,0
ethaboxam,1,13,3,1,0,0
ethaboxam,1,14,1,0,34.11,33.41
ethaboxam,1,14,2,0,34.51,34.54
ethaboxam,1,14,3,0,34.2,33.51
ethaboxam,1,14,1,0.001,31.93,32.26
ethaboxam,1,14,2,0.001,33.97,32.22
ethaboxam,1,14,3,0.001,34.93,31.13
ethaboxam,1,14,1,0.01,22.6,17.47
ethaboxam,1,14,2,0.01,15.98,17.74
ethaboxam,1,14,3,0.01,16.08,16.78
ethaboxam,1,14,1,0.05,0,0
ethaboxam,1,14,2,0.05,0,0
ethaboxam,1,14,3,0.05,0,0
ethaboxam,1,14,1,0.1,0,0
ethaboxam,1,14,2,0.1,0,0
ethaboxam,1,14,3,0.1,0,0
ethaboxam,1,14,1,1,0,0
ethaboxam,1,14,2,1,0,0
ethaboxam,1,14,3,1,0,0
ethaboxam,1,15,1,0,41.55,41.56
ethaboxam,1,15,2,0,40.57,40.55
ethaboxam,1,15,3,0,41.53,41.43
ethaboxam,1,15,1,0.001,40.32,39.16
ethaboxam,1,15,2,0.001,40.78,40.46
ethaboxam,1,15,3,0.001,40.17,40.15
ethaboxam,1,15,1,0.01,20.56,18.83
ethaboxam,1,15,2,0.01,25.18,22.68
ethaboxam,1,15,3,0.01,18.25,20.17
ethaboxam,1,15,1,0.05,0,0
ethaboxam,1,15,2,0.05,0,0
ethaboxam,1,15,3,0.05,0,0
ethaboxam,1,15,1,0.1,0,0
ethaboxam,1,15,2,0.1,0,0
ethaboxam,1,15,3,0.1,0,0
ethaboxam,1,15,1,1,0,0
ethaboxam,1,15,2,1,0,0
ethaboxam,1,15,3,1,0,0
ethaboxam,1,16,1,0,37.96,38.23
ethaboxam,1,16,2,0,38.72,36.8
ethaboxam,1,16,3,0,38.08,37.45
ethaboxam,1,16,1,0.001,36.81,36.55
ethaboxam,1,16,2,0.001,36.71,35.27
ethaboxam,1,16,3,0.001,38.22,36.06
ethaboxam,1,16,1,0.01,15,15.01
ethaboxam,1,16,2,0.01,16.25,16.21
ethaboxam,1,16,3,0.01,15.78,16.72
ethaboxam,1,16,1,0.05,0,0
ethaboxam,1,16,2,0.05,0,0
ethaboxam,1,16,3,0.05,0,0
ethaboxam,1,16,1,0.1,0,0
ethaboxam,1,16,2,0.1,0,0
ethaboxam,1,16,3,0.1,0,0
ethaboxam,1,16,1,1,0,0
ethaboxam,1,16,2,1,0,0
ethaboxam,1,16,3,1,0,0
mefenoxam,1,1,1,0,32.69,34.45
mefenoxam,1,1,2,0,33.93,33.64
mefenoxam,1,1,3,0,33.15,33.26
mefenoxam,1,1,1,0.01,40.2,41
mefenoxam,1,1,2,0.01,37.24,37.25
mefenoxam,1,1,3,0.01,39.25,39.48
mefenoxam,1,1,1,0.05,22.78,23.26
mefenoxam,1,1,2,0.05,23.91,21.36
mefenoxam,1,1,3,0.05,21.37,19.82
mefenoxam,1,1,1,0.1,9.65,8.91
mefenoxam,1,1,2,0.1,7.93,7.4
mefenoxam,1,1,3,0.1,9.41,9.04
mefenoxam,1,1,1,0.5,5.2,5.24
mefenoxam,1,1,2,0.5,5.7,5.88
mefenoxam,1,1,3,0.5,6.02,6.93
mefenoxam,1,1,1,1,0,0
mefenoxam,1,1,2,1,0,0
mefenoxam,1,1,3,1,0,0
mefenoxam,1,2,1,0,40.38,38.21
mefenoxam,1,2,2,0,39.71,40.46
mefenoxam,1,2,3,0,42.91,38.37
mefenoxam,1,2,1,0.01,41.84,40.12
mefenoxam,1,2,2,0.01,42.4,43.01
mefenoxam,1,2,3,0.01,37.97,37.09
mefenoxam,1,2,1,0.05,20.67,21.33
mefenoxam,1,2,2,0.05,19.27,19.25
mefenoxam,1,2,3,0.05,20.38,21.29
mefenoxam,1,2,1,0.1,9.55,9.01
mefenoxam,1,2,2,0.1,9.13,9.15
mefenoxam,1,2,3,0.1,10.05,9.88
mefenoxam,1,2,1,0.5,7.2,6.94
mefenoxam,1,2,2,0.5,5.7,5.28
mefenoxam,1,2,3,0.5,9.24,6.66
mefenoxam,1,2,1,1,6.62,5.57
mefenoxam,1,2,2,1,6.43,5.5
mefenoxam,1,2,3,1,4.49,4.27
mefenoxam,1,3,1,0,41.47,41.91
mefenoxam,1,3,2,0,41.78,41.19
mefenoxam,1,3,3,0,39.33,38.09
mefenoxam,1,3,1,0.01,41.58,41.95
mefenoxam,1,3,2,0.01,41.2,42.18
mefenoxam,1,3,3,0.01,38.18,38.71
mefenoxam,1,3,1,0.05,21.66,21.14
mefenoxam,1,3,2,0.05,22.27,21.52
mefenoxam,1,3,3,0.05,19.05,19.7
mefenoxam,1,3,1,0.1,8.34,7.67
mefenoxam,1,3,2,0.1,9.39,9.37
mefenoxam,1,3,3,0.1,7.98,7.91
mefenoxam,1,3,1,0.5,8.4,6.47
mefenoxam,1,3,2,0.5,5.36,7.44
mefenoxam,1,3,3,0.5,7.87,6.66
mefenoxam,1,3,1,1,5.52,5.21
mefenoxam,1,3,2,1,4.84,5.01
mefenoxam,1,3,3,1,0,0
mefenoxam,1,4,1,0,40.59,41.09
mefenoxam,1,4,2,0,42.57,40.37
mefenoxam,1,4,3,0,43.34,41.72
mefenoxam,1,4,1,0.01,40.67,42.58
mefenoxam,1,4,2,0.01,39.99,41.9
mefenoxam,1,4,3,0.01,39.03,40.7
mefenoxam,1,4,1,0.05,19.97,18.45
mefenoxam,1,4,2,0.05,17.37,17.68
mefenoxam,1,4,3,0.05,16.7,17.66
mefenoxam,1,4,1,0.1,9.87,8.28
mefenoxam,1,4,2,0.1,8.79,8.7
mefenoxam,1,4,3,0.1,7.83,7.27
mefenoxam,1,4,1,0.5,6.5,6.24
mefenoxam,1,4,2,0.5,5.44,5.97
mefenoxam,1,4,3,0.5,5.72,6.49
mefenoxam,1,4,1,1,5.04,5.07
mefenoxam,1,4,2,1,4.83,5.51
mefenoxam,1,4,3,1,5.91,5.98
mefenoxam,1,5,1,0,37.24,36.26
mefenoxam,1,5,2,0,41.87,38.25
mefenoxam,1,5,3,0,34.57,34.55
mefenoxam,1,5,1,0.01,43.19,43.18
mefenoxam,1,5,2,0.01,39.5,41.94
mefenoxam,1,5,3,0.01,39.87,41.37
mefenoxam,1,5,1,0.05,24.75,23.39
mefenoxam,1,5,2,0.05,22.71,22.08
mefenoxam,1,5,3,0.05,23.9,21.29
mefenoxam,1,5,1,0.1,18.74,17.59
mefenoxam,1,5,2,0.1,16.62,16.65
mefenoxam,1,5,3,0.1,15.71,13.2
mefenoxam,1,5,1,0.5,6.94,5.38
mefenoxam,1,5,2,0.5,5.41,5.87
mefenoxam,1,5,3,0.5,5.95,5.97
mefenoxam,1,5,1,1,6.32,4.93
mefenoxam,1,5,2,1,5.35,5.66
mefenoxam,1,5,3,1,4.95,4.03
mefenoxam,1,6,1,0,40.73,39.14
mefenoxam,1,6,2,0,40.65,40.99
mefenoxam,1,6,3,0,39.37,39.32
mefenoxam,1,6,1,0.01,42.28,42.72
mefenoxam,1,6,2,0.01,40.02,39.03
mefenoxam,1,6,3,0.01,39.3,38.79
mefenoxam,1,6,1,0.05,20.04,21.41
mefenoxam,1,6,2,0.05,24.77,22.58
mefenoxam,1,6,3,0.05,21.79,22.03
mefenoxam,1,6,1,0.1,9.9,9.31
mefenoxam,1,6,2,0.1,8.31,8.13
mefenoxam,1,6,3,0.1,8.87,8.84
mefenoxam,1,6,1,0.5,6.57,6.22
mefenoxam,1,6,2,0.5,6.38,4.7
mefenoxam,1,6,3,0.5,6.44,6.96
mefenoxam,1,6,1,1,7.31,5.23
mefenoxam,1,6,2,1,4.31,4.8
mefenoxam,1,6,3,1,4.39,4.68
mefenoxam,1,7,1,0,32.29,34.79
mefenoxam,1,7,2,0,35.04,34.96
mefenoxam,1,7,3,0,32.74,32.95
mefenoxam,1,7,1,0.01,34.49,34.51
mefenoxam,1,7,2,0.01,34.9,34.41
mefenoxam,1,7,3,0.01,32.92,33.1
mefenoxam,1,7,1,0.05,15.3,15.12
mefenoxam,1,7,2,0.05,16.83,17.87
mefenoxam,1,7,3,0.05,7.21,6.69
mefenoxam,1,7,1,0.1,9.05,7.99
mefenoxam,1,7,2,0.1,8.09,8.92
mefenoxam,1,7,3,0.1,9.85,8.24
mefenoxam,1,7,1,0.5,5.34,5.35
mefenoxam,1,7,2,0.5,5.58,4.91
mefenoxam,1,7,3,0.5,5.83,5.94
mefenoxam,1,7,1,1,0,0
mefenoxam,1,7,2,1,0,0
mefenoxam,1,7,3,1,0,0
mefenoxam,1,8,1,0,36.77,37.55
mefenoxam,1,8,2,0,36.45,37.09
mefenoxam,1,8,3,0,37.63,37.63
mefenoxam,1,8,1,0.01,35.29,35.25
mefenoxam,1,8,2,0.01,33.58,36.75
mefenoxam,1,8,3,0.01,35.5,35.7
mefenoxam,1,8,1,0.05,13.04,12.53
mefenoxam,1,8,2,0.05,12.37,11.96
mefenoxam,1,8,3,0.05,12.23,12.24
mefenoxam,1,8,1,0.1,6.65,6.66
mefenoxam,1,8,2,0.1,7.37,7.38
mefenoxam,1,8,3,0.1,6.4,6.39
mefenoxam,1,8,1,0.5,0,0
mefenoxam,1,8,2,0.5,0,0
mefenoxam,1,8,3,0.5,0,0
mefenoxam,1,8,1,1,0,0
mefenoxam,1,8,2,1,0,0
mefenoxam,1,8,3,1,0,0
mefenoxam,1,9,1,0,38.76,38.11
mefenoxam,1,9,2,0,39.63,39.54
mefenoxam,1,9,3,0,37.9,36.8
mefenoxam,1,9,1,0.01,38.02,38.74
mefenoxam,1,9,2,0.01,36.62,37.21
mefenoxam,1,9,3,0.01,38.74,37.59
mefenoxam,1,9,1,0.05,28.7,28.69
mefenoxam,1,9,2,0.05,24.14,24.11
mefenoxam,1,9,3,0.05,25.57,27.22
mefenoxam,1,9,1,0.1,17.9,16.97
mefenoxam,1,9,2,0.1,18.38,16.71
mefenoxam,1,9,3,0.1,18.34,17.84
mefenoxam,1,9,1,0.5,8.04,8.06
mefenoxam,1,9,2,0.5,7.19,7.74
mefenoxam,1,9,3,0.5,7,7.03
mefenoxam,1,9,1,1,5.85,5.31
mefenoxam,1,9,2,1,6.41,5.58
mefenoxam,1,9,3,1,5.41,5.28
mefenoxam,1,10,1,0,35.2,35.21
mefenoxam,1,10,2,0,33.41,32.74
mefenoxam,1,10,3,0,37.62,36.22
mefenoxam,1,10,1,0.01,38.99,37.56
mefenoxam,1,10,2,0.01,38.58,38.59
mefenoxam,1,10,3,0.01,37.3,37.49
mefenoxam,1,10,1,0.05,27.87,26.97
mefenoxam,1,10,2,0.05,28.42,29.5
mefenoxam,1,10,3,0.05,29.9,28.66
mefenoxam,1,10,1,0.1,19.52,20.88
mefenoxam,1,10,2,0.1,22.61,20.39
mefenoxam,1,10,3,0.1,19.47,20.89
mefenoxam,1,10,1,0.5,6.03,6.04
mefenoxam,1,10,2,0.5,7.28,7.49
mefenoxam,1,10,3,0.5,6.68,5.66
mefenoxam,1,10,1,1,5.85,5.54
mefenoxam,1,10,2,1,5.59,5.79
mefenoxam,1,10,3,1,5.85,5.97
mefenoxam,1,11,1,0,39.66,42.26
mefenoxam,1,11,2,0,39.74,39.43
mefenoxam,1,11,3,0,40.47,41.76
mefenoxam,1,11,1,0.01,40.66,40
mefenoxam,1,11,2,0.01,40.48,40.49
mefenoxam,1,11,3,0.01,39.64,40.09
mefenoxam,1,11,1,0.05,19.2,20.27
mefenoxam,1,11,2,0.05,19.14,19.93
mefenoxam,1,11,3,0.05,19.38,22.88
mefenoxam,1,11,1,0.1,11.36,9.25
mefenoxam,1,11,2,0.1,9.34,8.48
mefenoxam,1,11,3,0.1,11.95,11.96
mefenoxam,1,11,1,0.5,6.2,8.31
mefenoxam,1,11,2,0.5,5.58,5.57
mefenoxam,1,11,3,0.5,774,5.78
mefenoxam,1,11,1,1,4.92,4.95
mefenoxam,1,11,2,1,4.49,4.82
mefenoxam,1,11,3,1,5.05,4.44
mefenoxam,1,12,1,0,40.88,39.4
mefenoxam,1,12,2,0,43.08,42.45
mefenoxam,1,12,3,0,40.1,40.85
mefenoxam,1,12,1,0.01,44.71,42.49
mefenoxam,1,12,2,0.01,45.03,42.23
mefenoxam,1,12,3,0.01,40.91,40.37
mefenoxam,1,12,1,0.05,22.8,22.35
mefenoxam,1,12,2,0.05,22.5,23.04
mefenoxam,1,12,3,0.05,22.76,23.46
mefenoxam,1,12,1,0.1,11.06,10.65
mefenoxam,1,12,2,0.1,11.18,10.78
mefenoxam,1,12,3,0.1,10.6,10.43
mefenoxam,1,12,1,0.5,6.21,6.24
mefenoxam,1,12,2,0.5,6.17,5.67
mefenoxam,1,12,3,0.5,5.53,4.74
mefenoxam,1,12,1,1,5,6.1
mefenoxam,1,12,2,1,4.94,4.26
mefenoxam,1,12,3,1,5.65,5.26
mefenoxam,1,13,1,0,39.96,41.71
mefenoxam,1,13,2,0,39.06,39.05
mefenoxam,1,13,3,0,38.88,39.12
mefenoxam,1,13,1,0.01,34.77,34.8
mefenoxam,1,13,2,0.01,35.65,35.62
mefenoxam,1,13,3,0.01,36.2,34.7
mefenoxam,1,13,1,0.05,27.02,26.15
mefenoxam,1,13,2,0.05,28.78,29.52
mefenoxam,1,13,3,0.05,27.49,27.3
mefenoxam,1,13,1,0.1,21.92,22.94
mefenoxam,1,13,2,0.1,23.46,24.37
mefenoxam,1,13,3,0.1,24.62,22.97
mefenoxam,1,13,1,0.5,15.69,16.93
mefenoxam,1,13,2,0.5,13.95,13.48
mefenoxam,1,13,3,0.5,17.15,16.11
mefenoxam,1,13,1,1,12.84,13.55
mefenoxam,1,13,2,1,13.82,12.68
mefenoxam,1,13,3,1,11.38,12.28
mefenoxam,1,14,1,0,30.64,31.54
mefenoxam,1,14,2,0,32.06,31.91
mefenoxam,1,14,3,0,33.64,34.09
mefenoxam,1,14,1,0.01,33.36,33.63
mefenoxam,1,14,2,0.01,34.58,34.32
mefenoxam,1,14,3,0.01,34.02,34.46
mefenoxam,1,14,1,0.05,18.54,18.55
mefenoxam,1,14,2,0.05,18.28,20.96
mefenoxam,1,14,3,0.05,17.9,19.13
mefenoxam,1,14,1,0.1,10.49,11.22
mefenoxam,1,14,2,0.1,9.57,9.82
mefenoxam,1,14,3,0.1,12.9,11.51
mefenoxam,1,14,1,0.5,5.9,6.01
mefenoxam,1,14,2,0.5,5.88,5.8
mefenoxam,1,14,3,0.5,7.33,6.04
mefenoxam,1,14,1,1,4.47,4.8
mefenoxam,1,14,2,1,5.82,5.54
mefenoxam,1,14,3,1,5.1,5.67
mefenoxam,1,15,1,0,32.45,32.44
mefenoxam,1,15,2,0,34.38,32.63
mefenoxam,1,15,3,0,33.64,33.63
mefenoxam,1,15,1,0.01,33.67,33.64
mefenoxam,1,15,2,0.01,35.98,37.39
mefenoxam,1,15,3,0.01,35.09,35.12
mefenoxam,1,15,1,0.05,20.15,20.19
mefenoxam,1,15,2,0.05,19.93,20.25
mefenoxam,1,15,3,0.05,18.64,19.38
mefenoxam,1,15,1,0.1,7.87,9.66
mefenoxam,1,15,2,0.1,10.07,8.57
mefenoxam,1,15,3,0.1,11.52,9.98
mefenoxam,1,15,1,0.5,5.62,5.89
mefenoxam,1,15,2,0.5,6.23,6.08
mefenoxam,1,15,3,0.5,6.73,6.27
mefenoxam,1,15,1,1,5.94,4.58
mefenoxam,1,15,2,1,0,0
mefenoxam,1,15,3,1,5.5,5.61
mefenoxam,1,16,1,0,32.74,33.12
mefenoxam,1,16,2,0,32.8,33.64
mefenoxam,1,16,3,0,33.02,33.02
mefenoxam,1,16,1,0.01,33.9,35.48
mefenoxam,1,16,2,0.01,35.4,35.23
mefenoxam,1,16,3,0.01,33.02,32.93
mefenoxam,1,16,1,0.05,19.4,18.29
mefenoxam,1,16,2,0.05,18,18.64
mefenoxam,1,16,3,0.05,14.03,14.71
mefenoxam,1,16,1,0.1,10.37,9.99
mefenoxam,1,16,2,0.1,9.99,8.19
mefenoxam,1,16,3,0.1,8.18,9.62
mefenoxam,1,16,1,0.5,5.06,6.17
mefenoxam,1,16,2,0.5,5.17,4.95
mefenoxam,1,16,3,0.5,5.64,5.82
mefenoxam,1,16,1,1,0,0
mefenoxam,1,16,2,1,0,0
mefenoxam,1,16,3,1,0,0
metalaxyl,1,1,1,0,39.33,40.38
metalaxyl,1,1,2,0,41.55,40.65
metalaxyl,1,1,3,0,35.82,36.82
metalaxyl,1,1,1,0.01,38.54,38.53
metalaxyl,1,1,2,0.01,38.22,37.84
metalaxyl,1,1,3,0.01,38.96,38.66
metalaxyl,1,1,1,0.05,30.51,30.43
metalaxyl,1,1,2,0.05,25.62,26.39
metalaxyl,1,1,3,0.05,27.19,27.31
metalaxyl,1,1,1,0.1,12.14,7.7
metalaxyl,1,1,2,0.1,13.72,13.73
metalaxyl,1,1,3,0.1,14.1,13.65
metalaxyl,1,1,1,0.5,7.67,8.02
metalaxyl,1,1,2,0.5,6.23,6.58
metalaxyl,1,1,3,0.5,7.79,6.96
metalaxyl,1,1,1,1,6.01,5.75
metalaxyl,1,1,2,1,5.8,5.55
metalaxyl,1,1,3,1,5.59,6.47
metalaxyl,1,2,1,0,42.84,40.97
metalaxyl,1,2,2,0,42.24,41.88
metalaxyl,1,2,3,0,39.19,39.14
metalaxyl,1,2,1,0.01,36.58,40.63
metalaxyl,1,2,2,0.01,43.18,43.16
metalaxyl,1,2,3,0.01,43.58,43.45
metalaxyl,1,2,1,0.05,21.71,21.56
metalaxyl,1,2,2,0.05,21.59,21.69
metalaxyl,1,2,3,0.05,17.74,17.33
metalaxyl,1,2,1,0.1,12.06,12.03
metalaxyl,1,2,2,0.1,12.08,11.23
metalaxyl,1,2,3,0.1,11.24,10.83
metalaxyl,1,2,1,0.5,6.47,7.04
metalaxyl,1,2,2,0.5,6,5.98
metalaxyl,1,2,3,0.5,5.83,5.31
metalaxyl,1,2,1,1,6.64,6.24
metalaxyl,1,2,2,1,5.92,6.18
metalaxyl,1,2,3,1,5.19,5.2
metalaxyl,1,3,1,0,43.61,41.9
metalaxyl,1,3,2,0,43.06,43.41
metalaxyl,1,3,3,0,39.03,41.77
metalaxyl,1,3,1,0.01,41.42,39.99
metalaxyl,1,3,2,0.01,42.94,41.91
metalaxyl,1,3,3,0.01,44.64,41.49
metalaxyl,1,3,1,0.05,21.77,21.36
metalaxyl,1,3,2,0.05,23.63,23.64
metalaxyl,1,3,3,0.05,23.28,21.69
metalaxyl,1,3,1,0.1,11.67,12.14
metalaxyl,1,3,2,0.1,11.15,11.77
metalaxyl,1,3,3,0.1,10.25,10.27
metalaxyl,1,3,1,0.5,8.08,7.95
metalaxyl,1,3,2,0.5,8.81,8.24
metalaxyl,1,3,3,0.5,6.63,6.48
metalaxyl,1,3,1,1,6.65,5.46
metalaxyl,1,3,2,1,7.56,6.08
metalaxyl,1,3,3,1,5.98,6.73
metalaxyl,1,4,1,0,38.71,41.84
metalaxyl,1,4,2,0,42.05,43.03
metalaxyl,1,4,3,0,40.75,42
metalaxyl,1,4,1,0.01,43.64,42.48
metalaxyl,1,4,2,0.01,40.97,43.23
metalaxyl,1,4,3,0.01,37.97,41.88
metalaxyl,1,4,1,0.05,21.99,21.7
metalaxyl,1,4,2,0.05,21.33,20.81
metalaxyl,1,4,3,0.05,15.89,15.8
metalaxyl,1,4,1,0.1,10.56,9.99
metalaxyl,1,4,2,0.1,11.61,11.4
metalaxyl,1,4,3,0.1,10.32,10.66
metalaxyl,1,4,1,0.5,7.84,7.32
metalaxyl,1,4,2,0.5,7.72,7.15
metalaxyl,1,4,3,0.5,8.01,6.93
metalaxyl,1,4,1,1,5.88,5.91
metalaxyl,1,4,2,1,6.19,6.51
metalaxyl,1,4,3,1,5.98,5.99
metalaxyl,1,5,1,0,40.85,41.42
metalaxyl,1,5,2,0,38.27,37.96
metalaxyl,1,5,3,0,37.15,37.98
metalaxyl,1,5,1,0.01,38.42,36.71
metalaxyl,1,5,2,0.01,35.42,35.87
metalaxyl,1,5,3,0.01,38.05,37.69
metalaxyl,1,5,1,0.05,22.67,24.34
metalaxyl,1,5,2,0.05,20.87,20.56
metalaxyl,1,5,3,0.05,17.64,17.55
metalaxyl,1,5,1,0.1,12.14,11.81
metalaxyl,1,5,2,0.1,11.54,11.83
metalaxyl,1,5,3,0.1,11.13,11.3
metalaxyl,1,5,1,0.5,5.99,7.58
metalaxyl,1,5,2,0.5,6.31,5.94
metalaxyl,1,5,3,0.5,6.32,6.89
metalaxyl,1,5,1,1,6.12,6.69
metalaxyl,1,5,2,1,6.48,5.92
metalaxyl,1,5,3,1,5.38,5.33
metalaxyl,1,6,1,0,40.91,42.83
metalaxyl,1,6,2,0,42.08,41.17
metalaxyl,1,6,3,0,40.51,41.51
metalaxyl,1,6,1,0.01,41.27,42.66
metalaxyl,1,6,2,0.01,40.24,39.98
metalaxyl,1,6,3,0.01,39.43,40.48
metalaxyl,1,6,1,0.05,22.25,22.24
metalaxyl,1,6,2,0.05,19.56,19.42
metalaxyl,1,6,3,0.05,18.98,19.9
metalaxyl,1,6,1,0.1,13.03,11.97
metalaxyl,1,6,2,0.1,12.39,11.59
metalaxyl,1,6,3,0.1,9.55,9.37
metalaxyl,1,6,1,0.5,6.97,6.92
metalaxyl,1,6,2,0.5,8.47,9.01
metalaxyl,1,6,3,0.5,6.7,7.32
metalaxyl,1,6,1,1,7.17,5.58
metalaxyl,1,6,2,1,5.21,6.94
metalaxyl,1,6,3,1,6.27,6.63
metalaxyl,1,7,1,0,37.66,37.03
metalaxyl,1,7,2,0,34.41,35.79
metalaxyl,1,7,3,0,39.88,38.86
metalaxyl,1,7,1,0.01,36.89,36.56
metalaxyl,1,7,2,0.01,37.55,36.12
metalaxyl,1,7,3,0.01,39.07,39.09
metalaxyl,1,7,1,0.05,23.21,23.21
metalaxyl,1,7,2,0.05,24.89,22.49
metalaxyl,1,7,3,0.05,26.72,25.91
metalaxyl,1,7,1,0.1,16.44,15.74
metalaxyl,1,7,2,0.1,16.62,16.45
metalaxyl,1,7,3,0.1,13.39,14.88
metalaxyl,1,7,1,0.5,7.98,7.64
metalaxyl,1,7,2,0.5,6.65,6.4
metalaxyl,1,7,3,0.5,7.85,7.28
metalaxyl,1,7,1,1,5.91,6.7
metalaxyl,1,7,2,1,7.23,6.36
metalaxyl,1,7,3,1,6.68,6.76
metalaxyl,1,8,1,0,42.84,43.32
metalaxyl,1,8,2,0,40.01,42.12
metalaxyl,1,8,3,0,44.16,43.66
metalaxyl,1,8,1,0.01,39.69,39.32
metalaxyl,1,8,2,0.01,37.07,36.82
metalaxyl,1,8,3,0.01,35.65,36.38
metalaxyl,1,8,1,0.05,17.56,16.19
metalaxyl,1,8,2,0.05,13.19,12.7
metalaxyl,1,8,3,0.05,11.9,12.85
metalaxyl,1,8,1,0.1,9.28,8.83
metalaxyl,1,8,2,0.1,8.75,8.36
metalaxyl,1,8,3,0.1,8.27,8.03
metalaxyl,1,8,1,0.5,0,0
metalaxyl,1,8,2,0.5,0,0
metalaxyl,1,8,3,0.5,0,0
metalaxyl,1,8,1,1,0,0
metalaxyl,1,8,2,1,0,0
metalaxyl,1,8,3,1,0,0
metalaxyl,1,9,1,0,41.42,41.64
metalaxyl,1,9,2,0,42.2,41.72
metalaxyl,1,9,3,0,41.47,42.29
metalaxyl,1,9,1,0.01,41.67,42.14
metalaxyl,1,9,2,0.01,39.7,41.44
metalaxyl,1,9,3,0.01,40.5,41.06
metalaxyl,1,9,1,0.05,30.45,30.35
metalaxyl,1,9,2,0.05,27.32,27.14
metalaxyl,1,9,3,0.05,29.22,29.13
metalaxyl,1,9,1,0.1,18.7,17.23
metalaxyl,1,9,2,0.1,17.98,18.39
metalaxyl,1,9,3,0.1,19.23,18.36
metalaxyl,1,9,1,0.5,7.15,7.17
metalaxyl,1,9,2,0.5,6.69,7.36
metalaxyl,1,9,3,0.5,6.4,7.72
metalaxyl,1,9,1,1,5.81,5.66
metalaxyl,1,9,2,1,6.1,5.81
metalaxyl,1,9,3,1,7.03,6.6
metalaxyl,1,10,1,0,38.84,37.68
metalaxyl,1,10,2,0,39.91,39.6
metalaxyl,1,10,3,0,39.39,39.04
metalaxyl,1,10,1,0.01,38.88,39.27
metalaxyl,1,10,2,0.01,38.29,38.3
metalaxyl,1,10,3,0.01,39.84,38.83
metalaxyl,1,10,1,0.05,29.05,28.63
metalaxyl,1,10,2,0.05,26.62,25.95
metalaxyl,1,10,3,0.05,26.34,26.2
metalaxyl,1,10,1,0.1,18.65,18.4
metalaxyl,1,10,2,0.1,18.43,16.3
metalaxyl,1,10,3,0.1,19.37,18.27
metalaxyl,1,10,1,0.5,7.98,7.91
metalaxyl,1,10,2,0.5,6.08,6.72
metalaxyl,1,10,3,0.5,7.12,6.68
metalaxyl,1,10,1,1,6.64,5.74
metalaxyl,1,10,2,1,5.11,5.88
metalaxyl,1,10,3,1,6.11,5.56
metalaxyl,1,11,1,0,42.08,41.41
metalaxyl,1,11,2,0,37.87,39.4
metalaxyl,1,11,3,0,41.09,41.9
metalaxyl,1,11,1,0.01,40.93,42.67
metalaxyl,1,11,2,0.01,37.97,38.42
metalaxyl,1,11,3,0.01,40.42,39.63
metalaxyl,1,11,1,0.05,22.2,21.37
metalaxyl,1,11,2,0.05,18.39,18.72
metalaxyl,1,11,3,0.05,21.7,22.06
metalaxyl,1,11,1,0.1,10.43,9.96
metalaxyl,1,11,2,0.1,10.43,10.56
metalaxyl,1,11,3,0.1,11.21,10.55
metalaxyl,1,11,1,0.5,6.81,7.62
metalaxyl,1,11,2,0.5,7.18,7.72
metalaxyl,1,11,3,0.5,6.94,6.71
metalaxyl,1,11,1,1,4.72,4.27
metalaxyl,1,11,2,1,4.44,5.7
metalaxyl,1,11,3,1,5.4,5.68
metalaxyl,1,12,1,0,41.99,42
metalaxyl,1,12,2,0,41.56,42.08
metalaxyl,1,12,3,0,40.76,39.36
metalaxyl,1,12,1,0.01,42.31,42.96
metalaxyl,1,12,2,0.01,41.09,41.1
metalaxyl,1,12,3,0.01,41.84,42.95
metalaxyl,1,12,1,0.05,21.18,21.17
metalaxyl,1,12,2,0.05,20.58,20.6
metalaxyl,1,12,3,0.05,21.65,21.66
metalaxyl,1,12,1,0.1,11.68,11.87
metalaxyl,1,12,2,0.1,10.54,10.81
metalaxyl,1,12,3,0.1,11.31,11.32
metalaxyl,1,12,1,0.5,6.26,6.7
metalaxyl,1,12,2,0.5,6.25,8.07
metalaxyl,1,12,3,0.5,7.45,7.4
metalaxyl,1,12,1,1,7.73,6.04
metalaxyl,1,12,2,1,5.92,5.28
metalaxyl,1,12,3,1,5.3,5.04
metalaxyl,1,13,1,0,41.28,40.41
metalaxyl,1,13,2,0,40.29,40.2
metalaxyl,1,13,3,0,39.81,39.48
metalaxyl,1,13,1,0.01,36.55,34.06
metalaxyl,1,13,2,0.01,34.41,34.97
metalaxyl,1,13,3,0.01,36.59,36.6
metalaxyl,1,13,1,0.05,25.91,24.36
metalaxyl,1,13,2,0.05,27.34,27.67
metalaxyl,1,13,3,0.05,24.3,27.29
metalaxyl,1,13,1,0.1,26.58,24.02
metalaxyl,1,13,2,0.1,23.46,22.36
metalaxyl,1,13,3,0.1,22.36,21.73
metalaxyl,1,13,1,0.5,12.94,12.95
metalaxyl,1,13,2,0.5,13.48,13.44
metalaxyl,1,13,3,0.5,13.58,13.57
metalaxyl,1,13,1,1,13.14,13.2
metalaxyl,1,13,2,1,12.75,12.74
metalaxyl,1,13,3,1,13.38,12.28
metalaxyl,1,14,1,0,35.52,35.69
metalaxyl,1,14,2,0,35.5,34.79
metalaxyl,1,14,3,0,36.04,36.03
metalaxyl,1,14,1,0.01,37.04,37.05
metalaxyl,1,14,2,0.01,34.2,34.49
metalaxyl,1,14,3,0.01,37.02,37.05
metalaxyl,1,14,1,0.05,21.42,21.25
metalaxyl,1,14,2,0.05,19.44,19.45
metalaxyl,1,14,3,0.05,22.64,22.65
metalaxyl,1,14,1,0.1,12.16,11.78
metalaxyl,1,14,2,0.1,11.47,10.88
metalaxyl,1,14,3,0.1,11.32,10.81
metalaxyl,1,14,1,0.5,6.83,6.39
metalaxyl,1,14,2,0.5,6.04,5.36
metalaxyl,1,14,3,0.5,5.33,6.45
metalaxyl,1,14,1,1,5.17,5.16
metalaxyl,1,14,2,1,6.17,5.11
metalaxyl,1,14,3,1,5.15,5.45
metalaxyl,1,15,1,0,38.85,39.49
metalaxyl,1,15,2,0,37.41,38.53
metalaxyl,1,15,3,0,39.54,38.55
metalaxyl,1,15,1,0.01,38.25,38.63
metalaxyl,1,15,2,0.01,37.81,38.12
metalaxyl,1,15,3,0.01,38.23,38.71
metalaxyl,1,15,1,0.05,26.05,24.65
metalaxyl,1,15,2,0.05,21.64,21.88
metalaxyl,1,15,3,0.05,24.42,23.25
metalaxyl,1,15,1,0.1,11.67,11.1
metalaxyl,1,15,2,0.1,13.24,11.05
metalaxyl,1,15,3,0.1,10.06,8.56
metalaxyl,1,15,1,0.5,7.42,7.02
metalaxyl,1,15,2,0.5,7.01,6.87
metalaxyl,1,15,3,0.5,6.7,6.29
metalaxyl,1,15,1,1,6.91,6.78
metalaxyl,1,15,2,1,5.64,5.91
metalaxyl,1,15,3,1,5.82,5.33
metalaxyl,1,16,1,0,38.69,38.12
metalaxyl,1,16,2,0,37.14,37.12
metalaxyl,1,16,3,0,37.95,38.24
metalaxyl,1,16,1,0.01,38.49,37.95
metalaxyl,1,16,2,0.01,35.76,34.95
metalaxyl,1,16,3,0.01,36.23,36.54
metalaxyl,1,16,1,0.05,25.36,25.22
metalaxyl,1,16,2,0.05,20.51,23.58
metalaxyl,1,16,3,0.05,23.74,21.8
metalaxyl,1,16,1,0.1,15.56,14.95
metalaxyl,1,16,2,0.1,9.54,10.43
metalaxyl,1,16,3,0.1,12.5,10.23
metalaxyl,1,16,1,0.5,5.06,6.17
metalaxyl,1,16,2,0.5,5.11,6.27
metalaxyl,1,16,3,0.5,6.23,5.42
metalaxyl,1,16,1,1,5.28,4.94
metalaxyl,1,16,2,1,5.43,5.65
metalaxyl,1,16,3,1,5.27,5.44
azoxystrobin,2,1,1,0,29,29.12
azoxystrobin,2,1,2,0,31.78,32.99
azoxystrobin,2,1,3,0,26.76,29.22
azoxystrobin,2,1,1,0.1,30.14,30.09
azoxystrobin,2,1,2,0.1,NA,NA
azoxystrobin,2,1,3,0.1,30.41,30.4
azoxystrobin,2,1,1,0.5,24.41,25.25
azoxystrobin,2,1,2,0.5,24.78,26.22
azoxystrobin,2,1,3,0.5,25.11,25.66
azoxystrobin,2,1,1,0.1,20.93,20.95
azoxystrobin,2,1,2,0.1,22.49,22.17
azoxystrobin,2,1,3,0.1,20.8,21.88
azoxystrobin,2,1,1,1,24.67,22.95
azoxystrobin,2,1,2,1,23.55,22.5
azoxystrobin,2,1,3,1,21.33,20.64
azoxystrobin,2,1,1,10,0,0
azoxystrobin,2,1,2,10,0,0
azoxystrobin,2,1,3,10,0,0
azoxystrobin,2,2,1,0,36.03,33.22
azoxystrobin,2,2,2,0,37.91,41.72
azoxystrobin,2,2,3,0,29.87,29.91
azoxystrobin,2,2,1,0.1,34.14,35.45
azoxystrobin,2,2,2,0.1,35.17,37.17
azoxystrobin,2,2,3,0.1,33.1,33.95
azoxystrobin,2,2,1,0.5,29.82,29.25
azoxystrobin,2,2,2,0.5,28.25,26.43
azoxystrobin,2,2,3,0.5,27.64,27.97
azoxystrobin,2,2,1,0.1,22.4,24.2
azoxystrobin,2,2,2,0.1,20.82,23.24
azoxystrobin,2,2,3,0.1,20.61,21.44
azoxystrobin,2,2,1,1,24.78,23.68
azoxystrobin,2,2,2,1,24.35,22.59
azoxystrobin,2,2,3,1,28.76,30.74
azoxystrobin,2,2,1,10,0,0
azoxystrobin,2,2,2,10,0,0
azoxystrobin,2,2,3,10,0,0
azoxystrobin,2,3,1,0,41.15,41.11
azoxystrobin,2,3,2,0,39.23,40.06
azoxystrobin,2,3,3,0,40.44,39.01
azoxystrobin,2,3,1,0.1,38.57,37.9
azoxystrobin,2,3,2,0.1,40,37.16
azoxystrobin,2,3,3,0.1,38.02,38.54
azoxystrobin,2,3,1,0.5,34.21,33.45
azoxystrobin,2,3,2,0.5,30.71,30.81
azoxystrobin,2,3,3,0.5,NA,NA
azoxystrobin,2,3,1,0.1,24.79,25.4
azoxystrobin,2,3,2,0.1,23.91,22.89
azoxystrobin,2,3,3,0.1,26.15,22.89
azoxystrobin,2,3,1,1,27.08,29.22
azoxystrobin,2,3,2,1,28.54,20.9
azoxystrobin,2,3,3,1,27.47,29.33
azoxystrobin,2,3,1,10,0,0
azoxystrobin,2,3,2,10,0,0
azoxystrobin,2,3,3,10,0,0
azoxystrobin,2,4,1,0,38.38,38.86
azoxystrobin,2,4,2,0,39.65,40.69
azoxystrobin,2,4,3,0,40.62,40.32
azoxystrobin,2,4,1,0.1,37.97,38.38
azoxystrobin,2,4,2,0.1,35.58,35.53
azoxystrobin,2,4,3,0.1,40.6,36.74
azoxystrobin,2,4,1,0.5,32.68,33.09
azoxystrobin,2,4,2,0.5,33.15,30.94
azoxystrobin,2,4,3,0.5,31.72,30.52
azoxystrobin,2,4,1,0.1,23.46,24.94
azoxystrobin,2,4,2,0.1,22.68,22.67
azoxystrobin,2,4,3,0.1,23.46,24.6
azoxystrobin,2,4,1,1,27.13,26.88
azoxystrobin,2,4,2,1,26.04,25.53
azoxystrobin,2,4,3,1,23.7,23.43
azoxystrobin,2,4,1,10,0,0
azoxystrobin,2,4,2,10,0,0
azoxystrobin,2,4,3,10,0,0
azoxystrobin,2,5,1,0,37.5,36.93
azoxystrobin,2,5,2,0,32.46,32.91
azoxystrobin,2,5,3,0,26.54,22.5
azoxystrobin,2,5,1,0.1,30.12,30.15
azoxystrobin,2,5,2,0.1,29.77,29.84
azoxystrobin,2,5,3,0.1,24.74,24.79
azoxystrobin,2,5,1,0.5,21.33,21.7
azoxystrobin,2,5,2,0.5,17.15,18.12
azoxystrobin,2,5,3,0.5,18.45,18.33
azoxystrobin,2,5,1,0.1,15.67,15.25
azoxystrobin,2,5,2,0.1,16.18,16.12
azoxystrobin,2,5,3,0.1,12.75,13.13
azoxystrobin,2,5,1,1,16.27,15.19
azoxystrobin,2,5,2,1,17.42,17.66
azoxystrobin,2,5,3,1,14.85,14.23
azoxystrobin,2,5,1,10,0,0
azoxystrobin,2,5,2,10,0,0
azoxystrobin,2,5,3,10,0,0
azoxystrobin,2,6,1,0,38.25,38.96
azoxystrobin,2,6,2,0,41.01,41.94
azoxystrobin,2,6,3,0,33.71,33.7
azoxystrobin,2,6,1,0.1,39.99,37.59
azoxystrobin,2,6,2,0.1,38.28,38.48
azoxystrobin,2,6,3,0.1,37.22,34.78
azoxystrobin,2,6,1,0.5,33.29,33.98
azoxystrobin,2,6,2,0.5,34.25,33.55
azoxystrobin,2,6,3,0.5,28.84,30.93
azoxystrobin,2,6,1,0.1,23.64,27.44
azoxystrobin,2,6,2,0.1,24.46,26.51
azoxystrobin,2,6,3,0.1,22.61,22.63
azoxystrobin,2,6,1,1,28.04,23.31
azoxystrobin,2,6,2,1,25.3,26.89
azoxystrobin,2,6,3,1,24,25.95
azoxystrobin,2,6,1,10,0,0
azoxystrobin,2,6,2,10,0,0
azoxystrobin,2,6,3,10,0,0
azoxystrobin,2,7,1,0,40.21,41.64
azoxystrobin,2,7,2,0,41.7,38.06
azoxystrobin,2,7,3,0,40.27,37.82
azoxystrobin,2,7,1,0.1,35.33,35.39
azoxystrobin,2,7,2,0.1,33.35,36.51
azoxystrobin,2,7,3,0.1,34.15,34.12
azoxystrobin,2,7,1,0.5,22.59,21.41
azoxystrobin,2,7,2,0.5,26.25,24.76
azoxystrobin,2,7,3,0.5,24.84,23.57
azoxystrobin,2,7,1,0.1,17.5,15.07
azoxystrobin,2,7,2,0.1,19.21,19.2
azoxystrobin,2,7,3,0.1,14.28,14.07
azoxystrobin,2,7,1,1,17.95,19.16
azoxystrobin,2,7,2,1,22.65,23
azoxystrobin,2,7,3,1,19.23,18.37
azoxystrobin,2,7,1,10,15.25,15.26
azoxystrobin,2,7,2,10,0,0
azoxystrobin,2,7,3,10,0,0
azoxystrobin,2,8,1,0,43.79,44.27
azoxystrobin,2,8,2,0,32.78,33.61
azoxystrobin,2,8,3,0,44.24,45.61
azoxystrobin,2,8,1,0.1,40.65,41.12
azoxystrobin,2,8,2,0.1,35.5,33.62
azoxystrobin,2,8,3,0.1,40.82,40.92
azoxystrobin,2,8,1,0.5,27.08,31.17
azoxystrobin,2,8,2,0.5,30.08,28.19
azoxystrobin,2,8,3,0.5,33.07,33.76
azoxystrobin,2,8,1,0.1,22.79,22.92
azoxystrobin,2,8,2,0.1,22.18,18.3
azoxystrobin,2,8,3,0.1,27.61,28.88
azoxystrobin,2,8,1,1,28.34,27.46
azoxystrobin,2,8,2,1,27.93,28.05
azoxystrobin,2,8,3,1,29.66,28.74
azoxystrobin,2,8,1,10,0,0
azoxystrobin,2,8,2,10,0,0
azoxystrobin,2,8,3,10,0,0
azoxystrobin,2,9,1,0,31.25,30.27
azoxystrobin,2,9,2,0,32.25,32.24
azoxystrobin,2,9,3,0,32.11,32.64
azoxystrobin,2,9,1,0.1,35.5,31.91
azoxystrobin,2,9,2,0.1,31.2,32.29
azoxystrobin,2,9,3,0.1,32.31,33.95
azoxystrobin,2,9,1,0.5,23.98,25.8
azoxystrobin,2,9,2,0.5,26.6,25.29
azoxystrobin,2,9,3,0.5,26.33,25.02
azoxystrobin,2,9,1,0.1,18.07,19.05
azoxystrobin,2,9,2,0.1,21.77,18.49
azoxystrobin,2,9,3,0.1,23.49,23.71
azoxystrobin,2,9,1,1,20.99,22.19
azoxystrobin,2,9,2,1,22.33,21.56
azoxystrobin,2,9,3,1,22.74,23.76
azoxystrobin,2,9,1,10,0,0
azoxystrobin,2,9,2,10,0,0
azoxystrobin,2,9,3,10,0,0
azoxystrobin,2,10,1,0,29.27,30.54
azoxystrobin,2,10,2,0,29.29,28.82
azoxystrobin,2,10,3,0,34.16,34.5
azoxystrobin,2,10,1,0.1,30.23,30.28
azoxystrobin,2,10,2,0.1,30.97,32.05
azoxystrobin,2,10,3,0.1,32.86,32.86
azoxystrobin,2,10,1,0.5,24.01,24.36
azoxystrobin,2,10,2,0.5,24.37,25.07
azoxystrobin,2,10,3,0.5,26.35,28.16
azoxystrobin,2,10,1,0.1,19.57,19.39
azoxystrobin,2,10,2,0.1,19.87,21.07
azoxystrobin,2,10,3,0.1,21.86,22.4
azoxystrobin,2,10,1,1,21.35,21
azoxystrobin,2,10,2,1,22.4,22.38
azoxystrobin,2,10,3,1,22.84,22.33
azoxystrobin,2,10,1,10,0,0
azoxystrobin,2,10,2,10,0,0
azoxystrobin,2,10,3,10,0,0
azoxystrobin,2,11,1,0,42.51,40.67
azoxystrobin,2,11,2,0,39.61,43.09
azoxystrobin,2,11,3,0,38.23,36.29
azoxystrobin,2,11,1,0.1,38.44,40.13
azoxystrobin,2,11,2,0.1,37.48,38.31
azoxystrobin,2,11,3,0.1,37.67,38.71
azoxystrobin,2,11,1,0.5,31.14,34.11
azoxystrobin,2,11,2,0.5,30.8,33.77
azoxystrobin,2,11,3,0.5,32.67,33.68
azoxystrobin,2,11,1,0.1,29.21,28.9
azoxystrobin,2,11,2,0.1,25.15,27.06
azoxystrobin,2,11,3,0.1,28.61,29.2
azoxystrobin,2,11,1,1,25.51,25.55
azoxystrobin,2,11,2,1,26.76,26.77
azoxystrobin,2,11,3,1,27.66,30.45
azoxystrobin,2,11,1,10,0,0
azoxystrobin,2,11,2,10,0,0
azoxystrobin,2,11,3,10,0,0
azoxystrobin,2,12,1,0,42.85,42.95
azoxystrobin,2,12,2,0,42.19,38.93
azoxystrobin,2,12,3,0,39.58,37.68
azoxystrobin,2,12,1,0.1,42.58,41.7
azoxystrobin,2,12,2,0.1,35.68,35.63
azoxystrobin,2,12,3,0.1,39.06,37.56
azoxystrobin,2,12,1,0.5,37.15,35.73
azoxystrobin,2,12,2,0.5,33.23,33.19
azoxystrobin,2,12,3,0.5,33.68,33.64
azoxystrobin,2,12,1,0.1,27.91,28.66
azoxystrobin,2,12,2,0.1,27.41,27.42
azoxystrobin,2,12,3,0.1,27.15,31.45
azoxystrobin,2,12,1,1,33.82,33.81
azoxystrobin,2,12,2,1,27.42,29.25
azoxystrobin,2,12,3,1,29.17,27.86
azoxystrobin,2,12,1,10,0,0
azoxystrobin,2,12,2,10,0,0
azoxystrobin,2,12,3,10,0,0
azoxystrobin,2,13,1,0,36.25,37.02
azoxystrobin,2,13,2,0,32.06,33.28
azoxystrobin,2,13,3,0,36.55,37.99
azoxystrobin,2,13,1,0.1,37.19,39.46
azoxystrobin,2,13,2,0.1,34.84,30.63
azoxystrobin,2,13,3,0.1,36.31,38.15
azoxystrobin,2,13,1,0.5,41.96,42.77
azoxystrobin,2,13,2,0.5,42.58,42.6
azoxystrobin,2,13,3,0.5,42.86,43.05
azoxystrobin,2,13,1,0.1,42.76,42.27
azoxystrobin,2,13,2,0.1,39.54,39.53
azoxystrobin,2,13,3,0.1,42.27,40.98
azoxystrobin,2,13,1,1,42.27,41.75
azoxystrobin,2,13,2,1,41.64,41.62
azoxystrobin,2,13,3,1,44.58,44.91
azoxystrobin,2,13,1,10,0,0
azoxystrobin,2,13,2,10,0,0
azoxystrobin,2,13,3,10,0,0
azoxystrobin,2,14,1,0,24.58,24.56
azoxystrobin,2,14,2,0,29.95,31.27
azoxystrobin,2,14,3,0,35.56,36.32
azoxystrobin,2,14,1,0.1,34.41,34.29
azoxystrobin,2,14,2,0.1,25.35,25.4
azoxystrobin,2,14,3,0.1,28.26,29.13
azoxystrobin,2,14,1,0.5,21.79,22.43
azoxystrobin,2,14,2,0.5,20.06,21.18
azoxystrobin,2,14,3,0.5,23.25,23.31
azoxystrobin,2,14,1,0.1,19.44,20.05
azoxystrobin,2,14,2,0.1,16.7,17.06
azoxystrobin,2,14,3,0.1,21.87,22.32
azoxystrobin,2,14,1,1,21.37,20.69
azoxystrobin,2,14,2,1,20.18,19.53
azoxystrobin,2,14,3,1,19.19,18.37
azoxystrobin,2,14,1,10,0,0
azoxystrobin,2,14,2,10,0,0
azoxystrobin,2,14,3,10,0,0
azoxystrobin,2,15,1,0,32.38,32.05
azoxystrobin,2,15,2,0,33.83,29.45
azoxystrobin,2,15,3,0,38.32,38.21
azoxystrobin,2,15,1,0.1,31.26,30.82
azoxystrobin,2,15,2,0.1,32.15,31.67
azoxystrobin,2,15,3,0.1,33.71,33.32
azoxystrobin,2,15,1,0.5,23.95,21.97
azoxystrobin,2,15,2,0.5,23.58,23.6
azoxystrobin,2,15,3,0.5,24.37,23.71
azoxystrobin,2,15,1,0.1,16.74,16.25
azoxystrobin,2,15,2,0.1,21.16,18.24
azoxystrobin,2,15,3,0.1,18.23,18.76
azoxystrobin,2,15,1,1,18.66,17.15
azoxystrobin,2,15,2,1,21.48,21.03
azoxystrobin,2,15,3,1,20.64,19.92
azoxystrobin,2,15,1,10,0,0
azoxystrobin,2,15,2,10,0,0
azoxystrobin,2,15,3,10,0,0
azoxystrobin,2,16,1,0,33.03,33.34
azoxystrobin,2,16,2,0,32.11,33.18
azoxystrobin,2,16,3,0,35.39,36.05
azoxystrobin,2,16,1,0.1,33.94,35.28
azoxystrobin,2,16,2,0.1,32.24,31.44
azoxystrobin,2,16,3,0.1,34.26,34.5
azoxystrobin,2,16,1,0.5,22.07,22.14
azoxystrobin,2,16,2,0.5,22.23,24.42
azoxystrobin,2,16,3,0.5,24.84,24.27
azoxystrobin,2,16,1,0.1,17.6,17.67
azoxystrobin,2,16,2,0.1,17.38,18.76
azoxystrobin,2,16,3,0.1,20.05,20.66
azoxystrobin,2,16,1,1,19.82,21.33
azoxystrobin,2,16,2,1,18.24,19.17
azoxystrobin,2,16,3,1,22.91,22.27
azoxystrobin,2,16,1,10,0,0
azoxystrobin,2,16,2,10,0,0
azoxystrobin,2,16,3,10,0,0
ethaboxam,2,1,1,0,40,40.04
ethaboxam,2,1,2,0,39.35,39.6
ethaboxam,2,1,3,0,37.69,37.94
ethaboxam,2,1,1,0.001,38.17,35.59
ethaboxam,2,1,2,0.001,38.77,38.78
ethaboxam,2,1,3,0.001,38.18,37.45
ethaboxam,2,1,1,0.01,15.9,14.45
ethaboxam,2,1,2,0.01,16.33,16.89
ethaboxam,2,1,3,0.01,16.4,15.32
ethaboxam,2,1,1,0.05,0,0
ethaboxam,2,1,2,0.05,0,0
ethaboxam,2,1,3,0.05,0,0
ethaboxam,2,1,1,0.1,0,0
ethaboxam,2,1,2,0.1,0,0
ethaboxam,2,1,3,0.1,0,0
ethaboxam,2,1,1,1,0,0
ethaboxam,2,1,2,1,0,0
ethaboxam,2,1,3,1,0,0
ethaboxam,2,2,1,0,42.06,41.91
ethaboxam,2,2,2,0,39.37,38.21
ethaboxam,2,2,3,0,36.9,35.98
ethaboxam,2,2,1,0.001,38.12,38.83
ethaboxam,2,2,2,0.001,36.48,37.98
ethaboxam,2,2,3,0.001,38.88,38.55
ethaboxam,2,2,1,0.01,29.3,32.05
ethaboxam,2,2,2,0.01,33.03,31.4
ethaboxam,2,2,3,0.01,29.28,29.08
ethaboxam,2,2,1,0.05,11.53,13.6
ethaboxam,2,2,2,0.05,10.5,9.98
ethaboxam,2,2,3,0.05,10.67,9.65
ethaboxam,2,2,1,0.1,6.75,6.16
ethaboxam,2,2,2,0.1,6.55,7.31
ethaboxam,2,2,3,0.1,6.77,5.83
ethaboxam,2,2,1,1,0,0
ethaboxam,2,2,2,1,0,0
ethaboxam,2,2,3,1,0,0
ethaboxam,2,3,1,0,42.03,41
ethaboxam,2,3,2,0,44.02,42.29
ethaboxam,2,3,3,0,42.67,41.83
ethaboxam,2,3,1,0.001,40.19,40.12
ethaboxam,2,3,2,0.001,39.99,38.58
ethaboxam,2,3,3,0.001,43.08,41.1
ethaboxam,2,3,1,0.01,36.95,35.25
ethaboxam,2,3,2,0.01,36.4,37.34
ethaboxam,2,3,3,0.01,36.3,36.93
ethaboxam,2,3,1,0.05,13.75,12.52
ethaboxam,2,3,2,0.05,11.03,14.52
ethaboxam,2,3,3,0.05,16.2,15.36
ethaboxam,2,3,1,0.1,7.17,8.83
ethaboxam,2,3,2,0.1,7.96,9.82
ethaboxam,2,3,3,0.1,6.98,7.27
ethaboxam,2,3,1,1,0,0
ethaboxam,2,3,2,1,0,0
ethaboxam,2,3,3,1,0,0
ethaboxam,2,4,1,0,42.74,42.75
ethaboxam,2,4,2,0,41.52,41.54
ethaboxam,2,4,3,0,38.27,38.43
ethaboxam,2,4,1,0.001,37.09,38.04
ethaboxam,2,4,2,0.001,41.1,42.67
ethaboxam,2,4,3,0.001,40.26,40.24
ethaboxam,2,4,1,0.01,34.12,35.39
ethaboxam,2,4,2,0.01,31.21,31.23
ethaboxam,2,4,3,0.01,31.63,34.28
ethaboxam,2,4,1,0.05,9.41,9.33
ethaboxam,2,4,2,0.05,12.76,10.42
ethaboxam,2,4,3,0.05,11.47,10.67
ethaboxam,2,4,1,0.1,6.06,5.77
ethaboxam,2,4,2,0.1,5.69,5.6
ethaboxam,2,4,3,0.1,7.42,7.47
ethaboxam,2,4,1,1,0,0
ethaboxam,2,4,2,1,0,0
ethaboxam,2,4,3,1,0,0
ethaboxam,2,5,1,0,38.99,38.91
ethaboxam,2,5,2,0,37.6,38.59
ethaboxam,2,5,3,0,41.18,39.19
ethaboxam,2,5,1,0.001,39.04,39.44
ethaboxam,2,5,2,0.001,39.59,38.52
ethaboxam,2,5,3,0.001,46.2,46.17
ethaboxam,2,5,1,0.01,13.77,11.89
ethaboxam,2,5,2,0.01,15.94,17.21
ethaboxam,2,5,3,0.01,16.83,15.27
ethaboxam,2,5,1,0.05,0,0
ethaboxam,2,5,2,0.05,0,0
ethaboxam,2,5,3,0.05,0,0
ethaboxam,2,5,1,0.1,0,0
ethaboxam,2,5,2,0.1,0,0
ethaboxam,2,5,3,0.1,0,0
ethaboxam,2,5,1,1,0,0
ethaboxam,2,5,2,1,0,0
ethaboxam,2,5,3,1,0,0
ethaboxam,2,6,1,0,42.45,40.69
ethaboxam,2,6,2,0,40.42,40.21
ethaboxam,2,6,3,0,39.2,36.97
ethaboxam,2,6,1,0.001,39.1,39.74
ethaboxam,2,6,2,0.001,38.16,38.6
ethaboxam,2,6,3,0.001,38.96,40.12
ethaboxam,2,6,1,0.01,28.95,30.54
ethaboxam,2,6,2,0.01,30.64,27.25
ethaboxam,2,6,3,0.01,30,28.77
ethaboxam,2,6,1,0.05,9.72,9.33
ethaboxam,2,6,2,0.05,12.92,9.4
ethaboxam,2,6,3,0.05,12.1,11.72
ethaboxam,2,6,1,0.1,7.31,7.03
ethaboxam,2,6,2,0.1,6.64,6.18
ethaboxam,2,6,3,0.1,7.52,6.03
ethaboxam,2,6,1,1,0,0
ethaboxam,2,6,2,1,0,0
ethaboxam,2,6,3,1,0,0
ethaboxam,2,7,1,0,35.75,36.31
ethaboxam,2,7,2,0,33.93,34.34
ethaboxam,2,7,3,0,36.52,35.2
ethaboxam,2,7,1,0.001,37.04,35.07
ethaboxam,2,7,2,0.001,35.55,33.9
ethaboxam,2,7,3,0.001,35.15,36.67
ethaboxam,2,7,1,0.01,25.75,23.11
ethaboxam,2,7,2,0.01,20.44,20.78
ethaboxam,2,7,3,0.01,17.18,19.39
ethaboxam,2,7,1,0.05,0,0
ethaboxam,2,7,2,0.05,0,0
ethaboxam,2,7,3,0.05,0,0
ethaboxam,2,7,1,0.1,0,0
ethaboxam,2,7,2,0.1,0,0
ethaboxam,2,7,3,0.1,0,0
ethaboxam,2,7,1,1,0,0
ethaboxam,2,7,2,1,0,0
ethaboxam,2,7,3,1,0,0
ethaboxam,2,8,1,0,44.46,45.04
ethaboxam,2,8,2,0,43,42.62
ethaboxam,2,8,3,0,44.09,45.07
ethaboxam,2,8,1,0.001,43.18,43.21
ethaboxam,2,8,2,0.001,42.06,42.52
ethaboxam,2,8,3,0.001,43.55,43.58
ethaboxam,2,8,1,0.01,16.45,16.62
ethaboxam,2,8,2,0.01,23.44,16.81
ethaboxam,2,8,3,0.01,19.79,20.56
ethaboxam,2,8,1,0.05,0,0
ethaboxam,2,8,2,0.05,0,0
ethaboxam,2,8,3,0.05,0,0
ethaboxam,2,8,1,0.1,0,0
ethaboxam,2,8,2,0.1,0,0
ethaboxam,2,8,3,0.1,0,0
ethaboxam,2,8,1,1,0,0
ethaboxam,2,8,2,1,0,0
ethaboxam,2,8,3,1,0,0
ethaboxam,2,9,1,0,38.88,39.22
ethaboxam,2,9,2,0,39.55,38.33
ethaboxam,2,9,3,0,40.08,40.11
ethaboxam,2,9,1,0.001,38.77,36.67
ethaboxam,2,9,2,0.001,35.95,36.61
ethaboxam,2,9,3,0.001,36.99,37.04
ethaboxam,2,9,1,0.01,13.41,14.44
ethaboxam,2,9,2,0.01,14,14.5
ethaboxam,2,9,3,0.01,14.31,15.79
ethaboxam,2,9,1,0.05,0,0
ethaboxam,2,9,2,0.05,0,0
ethaboxam,2,9,3,0.05,0,0
ethaboxam,2,9,1,0.1,0,0
ethaboxam,2,9,2,0.1,0,0
ethaboxam,2,9,3,0.1,0,0
ethaboxam,2,9,1,1,0,0
ethaboxam,2,9,2,1,0,0
ethaboxam,2,9,3,1,0,0
ethaboxam,2,10,1,0,40.72,42.39
ethaboxam,2,10,2,0,42.34,42.4
ethaboxam,2,10,3,0,38.57,39.07
ethaboxam,2,10,1,0.001,41.47,41.57
ethaboxam,2,10,2,0.001,42.55,41.82
ethaboxam,2,10,3,0.001,39.11,38.3
ethaboxam,2,10,1,0.01,20.99,22.39
ethaboxam,2,10,2,0.01,18.81,20.13
ethaboxam,2,10,3,0.01,19.09,18.44
ethaboxam,2,10,1,0.05,0,0
ethaboxam,2,10,2,0.05,0,0
ethaboxam,2,10,3,0.05,0,0
ethaboxam,2,10,1,0.1,0,0
ethaboxam,2,10,2,0.1,0,0
ethaboxam,2,10,3,0.1,0,0
ethaboxam,2,10,1,1,0,0
ethaboxam,2,10,2,1,0,0
ethaboxam,2,10,3,1,0,0
ethaboxam,2,11,1,0,42.39,41.12
ethaboxam,2,11,2,0,41.4,38.75
ethaboxam,2,11,3,0,38.97,40.98
ethaboxam,2,11,1,0.001,40.64,42.18
ethaboxam,2,11,2,0.001,41.63,39.31
ethaboxam,2,11,3,0.001,40.87,40.86
ethaboxam,2,11,1,0.01,38.63,37.74
ethaboxam,2,11,2,0.01,33.6,33.61
ethaboxam,2,11,3,0.01,35.99,35.74
ethaboxam,2,11,1,0.05,12.49,10.27
ethaboxam,2,11,2,0.05,14.41,9.57
ethaboxam,2,11,3,0.05,10.63,7.8
ethaboxam,2,11,1,0.1,5.89,6
ethaboxam,2,11,2,0.1,6.66,6
ethaboxam,2,11,3,0.1,6.73,5.82
ethaboxam,2,11,1,1,0,0
ethaboxam,2,11,2,1,0,0
ethaboxam,2,11,3,1,0,0
ethaboxam,2,12,1,0,41.04,41.06
ethaboxam,2,12,2,0,42.25,40.74
ethaboxam,2,12,3,0,43.53,42.7
ethaboxam,2,12,1,0.001,41.81,43.4
ethaboxam,2,12,2,0.001,40.23,39.27
ethaboxam,2,12,3,0.001,42.04,42.52
ethaboxam,2,12,1,0.01,33.63,34.53
ethaboxam,2,12,2,0.01,33.12,33.18
ethaboxam,2,12,3,0.01,33.99,34.52
ethaboxam,2,12,1,0.05,12.76,10.8
ethaboxam,2,12,2,0.05,9.29,11.4
ethaboxam,2,12,3,0.05,11.2,10.42
ethaboxam,2,12,1,0.1,6.9,6.33
ethaboxam,2,12,2,0.1,7.22,5.39
ethaboxam,2,12,3,0.1,10.55,6.52
ethaboxam,2,12,1,1,0,0
ethaboxam,2,12,2,1,0,0
ethaboxam,2,12,3,1,0,0
ethaboxam,2,13,1,0,41.12,41.13
ethaboxam,2,13,2,0,42.57,41.77
ethaboxam,2,13,3,0,42.44,43.29
ethaboxam,2,13,1,0.001,38.34,35.98
ethaboxam,2,13,2,0.001,42,41.15
ethaboxam,2,13,3,0.001,42.32,43.26
ethaboxam,2,13,1,0.01,37,36.52
ethaboxam,2,13,2,0.01,37.96,36.78
ethaboxam,2,13,3,0.01,40.57,40.95
ethaboxam,2,13,1,0.05,15.29,14.9
ethaboxam,2,13,2,0.05,15.92,16.58
ethaboxam,2,13,3,0.05,18.03,17.01
ethaboxam,2,13,1,0.1,5,9.55
ethaboxam,2,13,2,0.1,0,0
ethaboxam,2,13,3,0.1,5.53,4.55
ethaboxam,2,13,1,1,0,0
ethaboxam,2,13,2,1,0,0
ethaboxam,2,13,3,1,0,0
ethaboxam,2,14,1,0,33.49,33.97
ethaboxam,2,14,2,0,36.67,35.57
ethaboxam,2,14,3,0,39.15,38.15
ethaboxam,2,14,1,0.001,34.49,33.72
ethaboxam,2,14,2,0.001,35.79,33.95
ethaboxam,2,14,3,0.001,NA,NA
ethaboxam,2,14,1,0.01,17.14,17.08
ethaboxam,2,14,2,0.01,18.18,16.54
ethaboxam,2,14,3,0.01,18.45,16.96
ethaboxam,2,14,1,0.05,0,0
ethaboxam,2,14,2,0.05,0,0
ethaboxam,2,14,3,0.05,0,0
ethaboxam,2,14,1,0.1,0,0
ethaboxam,2,14,2,0.1,0,0
ethaboxam,2,14,3,0.1,0,0
ethaboxam,2,14,1,1,0,0
ethaboxam,2,14,2,1,0,0
ethaboxam,2,14,3,1,0,0
ethaboxam,2,15,1,0,41.45,42.1
ethaboxam,2,15,2,0,41.98,42.44
ethaboxam,2,15,3,0,41.48,42.16
ethaboxam,2,15,1,0.001,39.13,39.04
ethaboxam,2,15,2,0.001,39.61,39.84
ethaboxam,2,15,3,0.001,41.65,41.66
ethaboxam,2,15,1,0.01,19.11,17.13
ethaboxam,2,15,2,0.01,21.59,18.41
ethaboxam,2,15,3,0.01,17.37,17.18
ethaboxam,2,15,1,0.05,0,0
ethaboxam,2,15,2,0.05,0,0
ethaboxam,2,15,3,0.05,0,0
ethaboxam,2,15,1,0.1,0,0
ethaboxam,2,15,2,0.1,0,0
ethaboxam,2,15,3,0.1,0,0
ethaboxam,2,15,1,1,0,0
ethaboxam,2,15,2,1,0,0
ethaboxam,2,15,3,1,0,0
ethaboxam,2,16,1,0,38.89,40.52
ethaboxam,2,16,2,0,39.87,39.86
ethaboxam,2,16,3,0,39.4,38.73
ethaboxam,2,16,1,0.001,37.39,39.04
ethaboxam,2,16,2,0.001,29.05,30.72
ethaboxam,2,16,3,0.001,38.71,38.28
ethaboxam,2,16,1,0.01,20.13,20.04
ethaboxam,2,16,2,0.01,18.72,15.68
ethaboxam,2,16,3,0.01,17.5,18.7
ethaboxam,2,16,1,0.05,0,0
ethaboxam,2,16,2,0.05,0,0
ethaboxam,2,16,3,0.05,0,0
ethaboxam,2,16,1,0.1,0,0
ethaboxam,2,16,2,0.1,0,0
ethaboxam,2,16,3,0.1,0,0
ethaboxam,2,16,1,1,0,0
ethaboxam,2,16,2,1,0,0
ethaboxam,2,16,3,1,0,0
mefenoxam,2,1,1,0,35.67,35.63
mefenoxam,2,1,2,0,34.14,35.05
mefenoxam,2,1,3,0,33.74,33.83
mefenoxam,2,1,1,0.01,41.58,42.13
mefenoxam,2,1,2,0.01,42.72,43.28
mefenoxam,2,1,3,0.01,40.59,42.17
mefenoxam,2,1,1,0.05,27.88,25.15
mefenoxam,2,1,2,0.05,25.58,24.81
mefenoxam,2,1,3,0.05,20.76,20.75
mefenoxam,2,1,1,0.1,14.22,15.84
mefenoxam,2,1,2,0.1,16.17,15.58
mefenoxam,2,1,3,0.1,9.48,11.86
mefenoxam,2,1,1,0.5,6.9,6.93
mefenoxam,2,1,2,0.5,6.79,6.67
mefenoxam,2,1,3,0.5,6.43,6.96
mefenoxam,2,1,1,1,5.63,5.62
mefenoxam,2,1,2,1,4.71,4.13
mefenoxam,2,1,3,1,5.53,5.05
mefenoxam,2,2,1,0,37,39.14
mefenoxam,2,2,2,0,42.97,39.25
mefenoxam,2,2,3,0,37.56,41.06
mefenoxam,2,2,1,0.01,36.18,39.97
mefenoxam,2,2,2,0.01,39.31,40.2
mefenoxam,2,2,3,0.01,39.73,42.51
mefenoxam,2,2,1,0.05,22.66,19.85
mefenoxam,2,2,2,0.05,16.98,16.99
mefenoxam,2,2,3,0.05,16.24,16.53
mefenoxam,2,2,1,0.1,9.11,9.1
mefenoxam,2,2,2,0.1,10.43,9.52
mefenoxam,2,2,3,0.1,8.22,7.97
mefenoxam,2,2,1,0.5,6.7,4.67
mefenoxam,2,2,2,0.5,4.93,4.77
mefenoxam,2,2,3,0.5,4.65,4.95
mefenoxam,2,2,1,1,4.58,4.66
mefenoxam,2,2,2,1,4.37,4.93
mefenoxam,2,2,3,1,4.78,0
mefenoxam,2,3,1,0,44.45,42.11
mefenoxam,2,3,2,0,41.75,41.32
mefenoxam,2,3,3,0,41.62,38.74
mefenoxam,2,3,1,0.01,39.63,39.64
mefenoxam,2,3,2,0.01,39.52,42.02
mefenoxam,2,3,3,0.01,40.5,40.24
mefenoxam,2,3,1,0.05,21.79,22.34
mefenoxam,2,3,2,0.05,23.14,22.09
mefenoxam,2,3,3,0.05,20.9,18.84
mefenoxam,2,3,1,0.1,8.3,9.04
mefenoxam,2,3,2,0.1,8.53,8.29
mefenoxam,2,3,3,0.1,8.19,8.18
mefenoxam,2,3,1,0.5,5.21,4.76
mefenoxam,2,3,2,0.5,4.77,4.79
mefenoxam,2,3,3,0.5,5.69,4.01
mefenoxam,2,3,1,1,5.13,5.14
mefenoxam,2,3,2,1,4.56,4.97
mefenoxam,2,3,3,1,4.9,4.18
mefenoxam,2,4,1,0,41.63,41.43
mefenoxam,2,4,2,0,38.96,37.9
mefenoxam,2,4,3,0,40.47,41.44
mefenoxam,2,4,1,0.01,38.47,40.14
mefenoxam,2,4,2,0.01,39.55,37.18
mefenoxam,2,4,3,0.01,41.41,41.87
mefenoxam,2,4,1,0.05,21.21,20.79
mefenoxam,2,4,2,0.05,18.02,19.29
mefenoxam,2,4,3,0.05,19.55,20.22
mefenoxam,2,4,1,0.1,9.34,9.37
mefenoxam,2,4,2,0.1,8.33,8.3
mefenoxam,2,4,3,0.1,8.28,7.75
mefenoxam,2,4,1,0.5,5.39,4.86
mefenoxam,2,4,2,0.5,0,0
mefenoxam,2,4,3,0.5,4.52,5.74
mefenoxam,2,4,1,1,4.95,4.5
mefenoxam,2,4,2,1,0,0
mefenoxam,2,4,3,1,0,5.1
mefenoxam,2,5,1,0,40.57,39.4
mefenoxam,2,5,2,0,40.64,40.61
mefenoxam,2,5,3,0,NA,NA
mefenoxam,2,5,1,0.01,45.67,45.68
mefenoxam,2,5,2,0.01,42.68,44.5
mefenoxam,2,5,3,0.01,41.28,41.3
mefenoxam,2,5,1,0.05,25.97,27.2
mefenoxam,2,5,2,0.05,27.73,27.72
mefenoxam,2,5,3,0.05,26.73,18.73
mefenoxam,2,5,1,0.1,20.02,17.72
mefenoxam,2,5,2,0.1,14.64,14.63
mefenoxam,2,5,3,0.1,18.14,17.11
mefenoxam,2,5,1,0.5,9.48,7.77
mefenoxam,2,5,2,0.5,8.8,6.96
mefenoxam,2,5,3,0.5,3.73,6.4
mefenoxam,2,5,1,1,6.53,7.16
mefenoxam,2,5,2,1,6.62,5.58
mefenoxam,2,5,3,1,6.18,5.27
mefenoxam,2,6,1,0,36.63,38.27
mefenoxam,2,6,2,0,37.63,37.59
mefenoxam,2,6,3,0,37.38,36.58
mefenoxam,2,6,1,0.01,35.05,35.97
mefenoxam,2,6,2,0.01,37.41,34.1
mefenoxam,2,6,3,0.01,39.29,38.18
mefenoxam,2,6,1,0.05,13.58,13.41
mefenoxam,2,6,2,0.05,14.43,15.07
mefenoxam,2,6,3,0.05,19.21,18.19
mefenoxam,2,6,1,0.1,7.51,7.87
mefenoxam,2,6,2,0.1,8.63,8.61
mefenoxam,2,6,3,0.1,NA,NA
mefenoxam,2,6,1,0.5,5.65,4.32
mefenoxam,2,6,2,0.5,4.4,7.07
mefenoxam,2,6,3,0.5,4.81,5.89
mefenoxam,2,6,1,1,0,5.61
mefenoxam,2,6,2,1,0,0
mefenoxam,2,6,3,1,5.54,6.17
mefenoxam,2,7,1,0,33.9,32.93
mefenoxam,2,7,2,0,35.25,34.56
mefenoxam,2,7,3,0,31.33,31.34
mefenoxam,2,7,1,0.01,29,28.97
mefenoxam,2,7,2,0.01,33.45,33.34
mefenoxam,2,7,3,0.01,33.45,34.2
mefenoxam,2,7,1,0.05,14.99,14.6
mefenoxam,2,7,2,0.05,17.73,14.28
mefenoxam,2,7,3,0.05,25.06,25.43
mefenoxam,2,7,1,0.1,10.78,10.59
mefenoxam,2,7,2,0.1,14.54,11.12
mefenoxam,2,7,3,0.1,11.68,10.09
mefenoxam,2,7,1,0.5,5.68,6.19
mefenoxam,2,7,2,0.5,7.82,7.53
mefenoxam,2,7,3,0.5,6.43,8.12
mefenoxam,2,7,1,1,4.76,5.11
mefenoxam,2,7,2,1,5.24,5.68
mefenoxam,2,7,3,1,6.09,5.62
mefenoxam,2,8,1,0,42.44,41.92
mefenoxam,2,8,2,0,40.86,40.34
mefenoxam,2,8,3,0,39.96,40.28
mefenoxam,2,8,1,0.01,38.31,38.49
mefenoxam,2,8,2,0.01,37.57,37.29
mefenoxam,2,8,3,0.01,36.79,36.8
mefenoxam,2,8,1,0.05,14.45,14.58
mefenoxam,2,8,2,0.05,8.58,8.55
mefenoxam,2,8,3,0.05,12.6,13.43
mefenoxam,2,8,1,0.1,9.37,8.8
mefenoxam,2,8,2,0.1,4.67,6.99
mefenoxam,2,8,3,0.1,8.4,7.69
mefenoxam,2,8,1,0.5,0,0
mefenoxam,2,8,2,0.5,0,0
mefenoxam,2,8,3,0.5,0,0
mefenoxam,2,8,1,1,0,0
mefenoxam,2,8,2,1,0,0
mefenoxam,2,8,3,1,0,0
mefenoxam,2,9,1,0,37.62,38.94
mefenoxam,2,9,2,0,38.28,37.1
mefenoxam,2,9,3,0,37.32,35.07
mefenoxam,2,9,1,0.01,41.61,41.91
mefenoxam,2,9,2,0.01,38.27,41.09
mefenoxam,2,9,3,0.01,40.01,40.91
mefenoxam,2,9,1,0.05,27.95,28.83
mefenoxam,2,9,2,0.05,28.38,27.59
mefenoxam,2,9,3,0.05,22.71,23.13
mefenoxam,2,9,1,0.1,16.74,16.75
mefenoxam,2,9,2,0.1,19.78,19.71
mefenoxam,2,9,3,0.1,18.37,17.32
mefenoxam,2,9,1,0.5,8.5,7.9
mefenoxam,2,9,2,0.5,7.06,0.67
mefenoxam,2,9,3,0.5,7.49,6.69
mefenoxam,2,9,1,1,5.9,6.05
mefenoxam,2,9,2,1,5.18,5.2
mefenoxam,2,9,3,1,5.51,5.99
mefenoxam,2,10,1,0,41.2,40.86
mefenoxam,2,10,2,0,39.56,40.31
mefenoxam,2,10,3,0,38.53,38.32
mefenoxam,2,10,1,0.01,40.29,42.13
mefenoxam,2,10,2,0.01,40.12,39.06
mefenoxam,2,10,3,0.01,40.96,40.35
mefenoxam,2,10,1,0.05,29.74,30.27
mefenoxam,2,10,2,0.05,30.01,30
mefenoxam,2,10,3,0.05,31.03,31.05
mefenoxam,2,10,1,0.1,22.7,23.29
mefenoxam,2,10,2,0.1,24.03,24.05
mefenoxam,2,10,3,0.1,19.84,20.24
mefenoxam,2,10,1,0.5,9.05,8.14
mefenoxam,2,10,2,0.5,7.15,7.99
mefenoxam,2,10,3,0.5,7.06,7.22
mefenoxam,2,10,1,1,5.88,5.33
mefenoxam,2,10,2,1,4.75,4.7
mefenoxam,2,10,3,1,5.57,6.64
mefenoxam,2,11,1,0,39.28,39.29
mefenoxam,2,11,2,0,41.15,39.13
mefenoxam,2,11,3,0,40.21,39.22
mefenoxam,2,11,1,0.01,40.52,40.11
mefenoxam,2,11,2,0.01,43,41.9
mefenoxam,2,11,3,0.01,42.7,41.43
mefenoxam,2,11,1,0.05,19.47,20.56
mefenoxam,2,11,2,0.05,18.83,19.25
mefenoxam,2,11,3,0.05,20.01,18.98
mefenoxam,2,11,1,0.1,10.43,8.83
mefenoxam,2,11,2,0.1,NA,NA
mefenoxam,2,11,3,0.1,7.03,7.09
mefenoxam,2,11,1,0.5,6.4,4
mefenoxam,2,11,2,0.5,5.83,5.84
mefenoxam,2,11,3,0.5,4.91,4
mefenoxam,2,11,1,1,4.87,4.52
mefenoxam,2,11,2,1,3.89,4.47
mefenoxam,2,11,3,1,0,0
mefenoxam,2,12,1,0,39.28,38.19
mefenoxam,2,12,2,0,40.55,40.79
mefenoxam,2,12,3,0,41.65,42.79
mefenoxam,2,12,1,0.01,38.88,38.4
mefenoxam,2,12,2,0.01,41.01,39.23
mefenoxam,2,12,3,0.01,39.79,41.47
mefenoxam,2,12,1,0.05,20.35,20.64
mefenoxam,2,12,2,0.05,19.1,18.84
mefenoxam,2,12,3,0.05,19.53,21.77
mefenoxam,2,12,1,0.1,7.81,7.47
mefenoxam,2,12,2,0.1,8.44,7.49
mefenoxam,2,12,3,0.1,11.96,11.08
mefenoxam,2,12,1,0.5,5.92,6.34
mefenoxam,2,12,2,0.5,4.48,4.63
mefenoxam,2,12,3,0.5,5.46,5.65
mefenoxam,2,12,1,1,5.54,4.98
mefenoxam,2,12,2,1,4.58,0
mefenoxam,2,12,3,1,4.65,4
mefenoxam,2,13,1,0,39.64,39.62
mefenoxam,2,13,2,0,31.84,32.35
mefenoxam,2,13,3,0,40.23,38.59
mefenoxam,2,13,1,0.01,33.01,33.75
mefenoxam,2,13,2,0.01,33.63,32.5
mefenoxam,2,13,3,0.01,31.71,33.31
mefenoxam,2,13,1,0.05,27.88,28.18
mefenoxam,2,13,2,0.05,27.81,25.91
mefenoxam,2,13,3,0.05,27.22,28.29
mefenoxam,2,13,1,0.1,20.52,22.4
mefenoxam,2,13,2,0.1,22.64,23.89
mefenoxam,2,13,3,0.1,23.74,25.02
mefenoxam,2,13,1,0.5,14.78,20.24
mefenoxam,2,13,2,0.5,15.62,18.55
mefenoxam,2,13,3,0.5,16.02,17.25
mefenoxam,2,13,1,1,13.04,12.99
mefenoxam,2,13,2,1,14.64,13.01
mefenoxam,2,13,3,1,12.8,13.74
mefenoxam,2,14,1,0,3505,35.04
mefenoxam,2,14,2,0,36.18,35.53
mefenoxam,2,14,3,0,34.74,34.7
mefenoxam,2,14,1,0.01,39.23,38.47
mefenoxam,2,14,2,0.01,37.95,37.94
mefenoxam,2,14,3,0.01,36.87,37.49
mefenoxam,2,14,1,0.05,25.97,22.03
mefenoxam,2,14,2,0.05,19.53,20.7
mefenoxam,2,14,3,0.05,24.6,24.79
mefenoxam,2,14,1,0.1,15.15,15.13
mefenoxam,2,14,2,0.1,13.93,12.43
mefenoxam,2,14,3,0.1,10.61,12.03
mefenoxam,2,14,1,0.5,5.79,5.77
mefenoxam,2,14,2,0.5,6.16,5.61
mefenoxam,2,14,3,0.5,6.65,5.07
mefenoxam,2,14,1,1,5.89,5.86
mefenoxam,2,14,2,1,0,0
mefenoxam,2,14,3,1,0,0
mefenoxam,2,15,1,0,39.24,38.95
mefenoxam,2,15,2,0,36.44,35.7
mefenoxam,2,15,3,0,37.74,37.27
mefenoxam,2,15,1,0.01,38.18,39.49
mefenoxam,2,15,2,0.01,40.45,42.07
mefenoxam,2,15,3,0.01,38.71,38.78
mefenoxam,2,15,1,0.05,4.45,24.38
mefenoxam,2,15,2,0.05,28.14,25.96
mefenoxam,2,15,3,0.05,23.55,21.91
mefenoxam,2,15,1,0.1,14.22,13.07
mefenoxam,2,15,2,0.1,8.68,8.82
mefenoxam,2,15,3,0.1,12.94,15.28
mefenoxam,2,15,1,0.5,6.94,7.04
mefenoxam,2,15,2,0.5,8.48,6.89
mefenoxam,2,15,3,0.5,7.16,6.64
mefenoxam,2,15,1,1,5.45,5.69
mefenoxam,2,15,2,1,0,0
mefenoxam,2,15,3,1,5.38,4.88
mefenoxam,2,16,1,0,35.96,34.96
mefenoxam,2,16,2,0,34.26,35.26
mefenoxam,2,16,3,0,33.78,34.02
mefenoxam,2,16,1,0.01,37.97,36.95
mefenoxam,2,16,2,0.01,35.08,36.97
mefenoxam,2,16,3,0.01,33.64,33.68
mefenoxam,2,16,1,0.05,1934,20.44
mefenoxam,2,16,2,0.05,23.6,22.95
mefenoxam,2,16,3,0.05,11.99,12.98
mefenoxam,2,16,1,0.1,11.51,11.09
mefenoxam,2,16,2,0.1,11.32,9.6
mefenoxam,2,16,3,0.1,9.99,10.6
mefenoxam,2,16,1,0.5,0,0
mefenoxam,2,16,2,0.5,0,0
mefenoxam,2,16,3,0.5,0,0
mefenoxam,2,16,1,1,0,0
mefenoxam,2,16,2,1,0,0
mefenoxam,2,16,3,1,0,0
metalaxyl,2,1,1,0,37.28,37.4
metalaxyl,2,1,2,0,37.18,36.68
metalaxyl,2,1,3,0,39.09,38.26
metalaxyl,2,1,1,0.01,37.39,37.37
metalaxyl,2,1,2,0.01,40.54,40.02
metalaxyl,2,1,3,0.01,39.53,38.96
metalaxyl,2,1,1,0.05,23.21,23.79
metalaxyl,2,1,2,0.05,24.96,25.82
metalaxyl,2,1,3,0.05,24.03,24.11
metalaxyl,2,1,1,0.1,11.68,13.75
metalaxyl,2,1,2,0.1,14.19,16.04
metalaxyl,2,1,3,0.1,13.05,12.58
metalaxyl,2,1,1,0.5,7.06,7.08
metalaxyl,2,1,2,0.5,6.98,7.26
metalaxyl,2,1,3,0.5,7.46,6.53
metalaxyl,2,1,1,1,6.9,5.94
metalaxyl,2,1,2,1,5.17,5.11
metalaxyl,2,1,3,1,6.11,5.93
metalaxyl,2,2,1,0,42.33,41.62
metalaxyl,2,2,2,0,45.16,42.54
metalaxyl,2,2,3,0,43.5,45.16
metalaxyl,2,2,1,0.01,40.01,39.39
metalaxyl,2,2,2,0.01,40.62,42.23
metalaxyl,2,2,3,0.01,44.61,45.16
metalaxyl,2,2,1,0.05,18.73,18.75
metalaxyl,2,2,2,0.05,19.38,20.32
metalaxyl,2,2,3,0.05,18.84,19.06
metalaxyl,2,2,1,0.1,10.68,10.71
metalaxyl,2,2,2,0.1,11,10.87
metalaxyl,2,2,3,0.1,10.57,10.63
metalaxyl,2,2,1,0.5,6.61,5.41
metalaxyl,2,2,2,0.5,5.47,5.68
metalaxyl,2,2,3,0.5,5.3,5.03
metalaxyl,2,2,1,1,4.83,4.46
metalaxyl,2,2,2,1,4.1,4.25
metalaxyl,2,2,3,1,4.41,3.99
metalaxyl,2,3,1,0,42.22,41.97
metalaxyl,2,3,2,0,43.59,43.6
metalaxyl,2,3,3,0,46.36,41.33
metalaxyl,2,3,1,0.01,41.88,41.89
metalaxyl,2,3,2,0.01,45.31,43.43
metalaxyl,2,3,3,0.01,42.87,43.96
metalaxyl,2,3,1,0.05,20,20.87
metalaxyl,2,3,2,0.05,20.51,20.91
metalaxyl,2,3,3,0.05,22.77,23.34
metalaxyl,2,3,1,0.1,9.42,9.41
metalaxyl,2,3,2,0.1,11.54,11.56
metalaxyl,2,3,3,0.1,9.26,9.39
metalaxyl,2,3,1,0.5,6.26,5.7
metalaxyl,2,3,2,0.5,6.25,6.25
metalaxyl,2,3,3,0.5,5.53,5.63
metalaxyl,2,3,1,1,5.27,4.97
metalaxyl,2,3,2,1,5.42,6.01
metalaxyl,2,3,3,1,5.07,4.75
metalaxyl,2,4,1,0,39,36.01
metalaxyl,2,4,2,0,44.68,44.26
metalaxyl,2,4,3,0,43.38,44.93
metalaxyl,2,4,1,0.01,42,41.85
metalaxyl,2,4,2,0.01,40.37,41.65
metalaxyl,2,4,3,0.01,42,42.97
metalaxyl,2,4,1,0.05,20.87,22
metalaxyl,2,4,2,0.05,16.04,16.18
metalaxyl,2,4,3,0.05,24.09,24.04
metalaxyl,2,4,1,0.1,11.23,10.34
metalaxyl,2,4,2,0.1,11.43,12.2
metalaxyl,2,4,3,0.1,10.08,9.87
metalaxyl,2,4,1,0.5,6.06,7.11
metalaxyl,2,4,2,0.5,5.06,6.01
metalaxyl,2,4,3,0.5,5.24,5.43
metalaxyl,2,4,1,1,5.07,4.18
metalaxyl,2,4,2,1,5.33,5.11
metalaxyl,2,4,3,1,4.66,5.04
metalaxyl,2,5,1,0,37.92,39.61
metalaxyl,2,5,2,0,44.09,44.06
metalaxyl,2,5,3,0,41.27,42.18
metalaxyl,2,5,1,0.01,38.85,39.12
metalaxyl,2,5,2,0.01,32.61,32.55
metalaxyl,2,5,3,0.01,38.02,38
metalaxyl,2,5,1,0.05,25.38,27.15
metalaxyl,2,5,2,0.05,5.54,25.35
metalaxyl,2,5,3,0.05,24.14,23.55
metalaxyl,2,5,1,0.1,12.78,15.6
metalaxyl,2,5,2,0.1,12.7,14.95
metalaxyl,2,5,3,0.1,13.06,12.68
metalaxyl,2,5,1,0.5,8.05,6.94
metalaxyl,2,5,2,0.5,7.38,7.91
metalaxyl,2,5,3,0.5,8.62,8.23
metalaxyl,2,5,1,1,6.03,5.77
metalaxyl,2,5,2,1,6.75,6.4
metalaxyl,2,5,3,1,6.19,5.69
metalaxyl,2,6,1,0,39.66,40.27
metalaxyl,2,6,2,0,41.82,39.56
metalaxyl,2,6,3,0,40.87,42
metalaxyl,2,6,1,0.01,42.89,43.02
metalaxyl,2,6,2,0.01,40.23,39.62
metalaxyl,2,6,3,0.01,37.17,40.52
metalaxyl,2,6,1,0.05,24.5,22.82
metalaxyl,2,6,2,0.05,21.65,21.1
metalaxyl,2,6,3,0.05,22.41,23.27
metalaxyl,2,6,1,0.1,10.81,10.8
metalaxyl,2,6,2,0.1,11.74,11.61
metalaxyl,2,6,3,0.1,10.01,10.87
metalaxyl,2,6,1,0.5,5.09,6.64
metalaxyl,2,6,2,0.5,7.72,5.28
metalaxyl,2,6,3,0.5,5.07,5.59
metalaxyl,2,6,1,1,3.74,4.66
metalaxyl,2,6,2,1,4.41,4.63
metalaxyl,2,6,3,1,4.61,5.18
metalaxyl,2,7,1,0,38.02,38
metalaxyl,2,7,2,0,38.08,38.36
metalaxyl,2,7,3,0,36.07,36.66
metalaxyl,2,7,1,0.01,35.77,37.06
metalaxyl,2,7,2,0.01,38.66,38.44
metalaxyl,2,7,3,0.01,36.71,35.77
metalaxyl,2,7,1,0.05,22.54,23.11
metalaxyl,2,7,2,0.05,23.63,23.24
metalaxyl,2,7,3,0.05,22.87,25.27
metalaxyl,2,7,1,0.1,10.79,12.57
metalaxyl,2,7,2,0.1,14.62,16.56
metalaxyl,2,7,3,0.1,11.9,10.86
metalaxyl,2,7,1,0.5,7.07,7.3
metalaxyl,2,7,2,0.5,7.85,8.58
metalaxyl,2,7,3,0.5,8.06,7.42
metalaxyl,2,7,1,1,6.68,5.57
metalaxyl,2,7,2,1,5.73,5.07
metalaxyl,2,7,3,1,5.82,6.49
metalaxyl,2,8,1,0,41.15,41.48
metalaxyl,2,8,2,0,44.54,44.48
metalaxyl,2,8,3,0,42.23,41.34
metalaxyl,2,8,1,0.01,35.77,36.14
metalaxyl,2,8,2,0.01,39.69,38.07
metalaxyl,2,8,3,0.01,38.19,39.69
metalaxyl,2,8,1,0.05,12.48,12.5
metalaxyl,2,8,2,0.05,15.08,13.78
metalaxyl,2,8,3,0.05,13.47,13.49
metalaxyl,2,8,1,0.1,8.07,7.69
metalaxyl,2,8,2,0.1,10.42,7.92
metalaxyl,2,8,3,0.1,10.03,9.29
metalaxyl,2,8,1,0.5,0,0
metalaxyl,2,8,2,0.5,0,0
metalaxyl,2,8,3,0.5,0,0
metalaxyl,2,8,1,1,0,0
metalaxyl,2,8,2,1,0,0
metalaxyl,2,8,3,1,0,0
metalaxyl,2,9,1,0,42.65,43.35
metalaxyl,2,9,2,0,42.53,42.12
metalaxyl,2,9,3,0,42.54,41.35
metalaxyl,2,9,1,0.01,40.66,40.67
metalaxyl,2,9,2,0.01,40.9,40.63
metalaxyl,2,9,3,0.01,38.62,40.45
metalaxyl,2,9,1,0.05,25.55,25.58
metalaxyl,2,9,2,0.05,26.66,27.76
metalaxyl,2,9,3,0.05,24.97,23.89
metalaxyl,2,9,1,0.1,13.89,14.67
metalaxyl,2,9,2,0.1,17.76,17.78
metalaxyl,2,9,3,0.1,16.34,17.88
metalaxyl,2,9,1,0.5,7.18,6.11
metalaxyl,2,9,2,0.5,7.15,6.84
metalaxyl,2,9,3,0.5,6.53,5.76
metalaxyl,2,9,1,1,5.67,5.94
metalaxyl,2,9,2,1,5.58,5.9
metalaxyl,2,9,3,1,5.63,5.77
metalaxyl,2,10,1,0,38.25,38.24
metalaxyl,2,10,2,0,38.24,38.23
metalaxyl,2,10,3,0,39.47,39.5
metalaxyl,2,10,1,0.01,38.49,37.93
metalaxyl,2,10,2,0.01,38.38,38.72
metalaxyl,2,10,3,0.01,38.82,38.79
metalaxyl,2,10,1,0.05,23.66,23.88
metalaxyl,2,10,2,0.05,26.28,26.78
metalaxyl,2,10,3,0.05,26.91,26.71
metalaxyl,2,10,1,0.1,24.36,22.46
metalaxyl,2,10,2,0.1,17.92,18.43
metalaxyl,2,10,3,0.1,15.32,14.94
metalaxyl,2,10,1,0.5,7.13,7.12
metalaxyl,2,10,2,0.5,7.87,7.82
metalaxyl,2,10,3,0.5,7.91,7.12
metalaxyl,2,10,1,1,6.46,6.45
metalaxyl,2,10,2,1,6.19,6.45
metalaxyl,2,10,3,1,5.94,5.93
metalaxyl,2,11,1,0,42.55,38.12
metalaxyl,2,11,2,0,40.36,40.38
metalaxyl,2,11,3,0,37.55,37.93
metalaxyl,2,11,1,0.01,37.19,38.85
metalaxyl,2,11,2,0.01,40.5,40.44
metalaxyl,2,11,3,0.01,41.9,40.62
metalaxyl,2,11,1,0.05,17.3,17.29
metalaxyl,2,11,2,0.05,20.84,20.98
metalaxyl,2,11,3,0.05,16.48,16.9
metalaxyl,2,11,1,0.1,9.1,9.66
metalaxyl,2,11,2,0.1,10.43,10.56
metalaxyl,2,11,3,0.1,8.04,8.97
metalaxyl,2,11,1,0.5,5.76,5.69
metalaxyl,2,11,2,0.5,5.2,5.71
metalaxyl,2,11,3,0.5,4.36,4.87
metalaxyl,2,11,1,1,4.07,4.27
metalaxyl,2,11,2,1,5.23,4.24
metalaxyl,2,11,3,1,4.65,4.22
metalaxyl,2,12,1,0,39.38,38.88
metalaxyl,2,12,2,0,41.83,39.92
metalaxyl,2,12,3,0,38.95,38.98
metalaxyl,2,12,1,0.01,39.89,40.74
metalaxyl,2,12,2,0.01,38.8,41.37
metalaxyl,2,12,3,0.01,40,42.97
metalaxyl,2,12,1,0.05,16.71,17.1
metalaxyl,2,12,2,0.05,18.11,18.31
metalaxyl,2,12,3,0.05,17.93,17.15
metalaxyl,2,12,1,0.1,9.66,9.34
metalaxyl,2,12,2,0.1,9.14,8.91
metalaxyl,2,12,3,0.1,9.27,9.23
metalaxyl,2,12,1,0.5,6.68,6.24
metalaxyl,2,12,2,0.5,6.14,5.55
metalaxyl,2,12,3,0.5,4.75,5.88
metalaxyl,2,12,1,1,4.86,4.7
metalaxyl,2,12,2,1,5.53,5.51
metalaxyl,2,12,3,1,7.74,4.86
metalaxyl,2,13,1,0,40.81,40.38
metalaxyl,2,13,2,0,40.42,42.69
metalaxyl,2,13,3,0,42.33,41.2
metalaxyl,2,13,1,0.01,37.15,36.66
metalaxyl,2,13,2,0.01,33.56,34.54
metalaxyl,2,13,3,0.01,36.12,35.93
metalaxyl,2,13,1,0.05,25.24,24.36
metalaxyl,2,13,2,0.05,26.7,24.62
metalaxyl,2,13,3,0.05,24.61,24.19
metalaxyl,2,13,1,0.1,18.84,17.61
metalaxyl,2,13,2,0.1,22,21.35
metalaxyl,2,13,3,0.1,21.75,21.03
metalaxyl,2,13,1,0.5,17.57,19.61
metalaxyl,2,13,2,0.5,15,15.54
metalaxyl,2,13,3,0.5,15.59,15.91
metalaxyl,2,13,1,1,7.93,9.08
metalaxyl,2,13,2,1,13.84,13.83
metalaxyl,2,13,3,1,14.54,14.69
metalaxyl,2,14,1,0,39.25,37.67
metalaxyl,2,14,2,0,37.97,37.65
metalaxyl,2,14,3,0,35.51,36.32
metalaxyl,2,14,1,0.01,35.92,35.29
metalaxyl,2,14,2,0.01,37.8,38.1
metalaxyl,2,14,3,0.01,35.23,35.85
metalaxyl,2,14,1,0.05,21.46,20.5
metalaxyl,2,14,2,0.05,22.42,23.44
metalaxyl,2,14,3,0.05,19.46,20
metalaxyl,2,14,1,0.1,12.82,12.3
metalaxyl,2,14,2,0.1,12.51,11.69
metalaxyl,2,14,3,0.1,11.6,11.66
metalaxyl,2,14,1,0.5,6.78,6.1
metalaxyl,2,14,2,0.5,6.36,7.05
metalaxyl,2,14,3,0.5,5.67,5.51
metalaxyl,2,14,1,1,5.59,6.01
metalaxyl,2,14,2,1,6.35,5.46
metalaxyl,2,14,3,1,5.58,5.41
metalaxyl,2,15,1,0,37.28,36.61
metalaxyl,2,15,2,0,37.23,37.23
metalaxyl,2,15,3,0,38.53,38.47
metalaxyl,2,15,1,0.01,38.43,37.94
metalaxyl,2,15,2,0.01,39.72,39.18
metalaxyl,2,15,3,0.01,38.88,38.15
metalaxyl,2,15,1,0.05,18.8,18.85
metalaxyl,2,15,2,0.05,22.89,22.91
metalaxyl,2,15,3,0.05,22.96,24.21
metalaxyl,2,15,1,0.1,10.34,9.96
metalaxyl,2,15,2,0.1,11.74,12.87
metalaxyl,2,15,3,0.1,10,9.48
metalaxyl,2,15,1,0.5,5.91,6.01
metalaxyl,2,15,2,0.5,6,6.8
metalaxyl,2,15,3,0.5,5.85,5.59
metalaxyl,2,15,1,1,5.46,5.11
metalaxyl,2,15,2,1,5.59,5.5
metalaxyl,2,15,3,1,5.51,6.13
metalaxyl,2,16,1,0,36.66,36.63
metalaxyl,2,16,2,0,38.59,37.79
metalaxyl,2,16,3,0,36.63,37.27
metalaxyl,2,16,1,0.01,36.02,36.57
metalaxyl,2,16,2,0.01,36.53,36.99
metalaxyl,2,16,3,0.01,36.93,37.41
metalaxyl,2,16,1,0.05,21.6,22.5
metalaxyl,2,16,2,0.05,24.45,22.78
metalaxyl,2,16,3,0.05,20.6,18.76
metalaxyl,2,16,1,0.1,9.67,9.74
metalaxyl,2,16,2,0.1,12.72,10.73
metalaxyl,2,16,3,0.1,10.36,9.45
metalaxyl,2,16,1,0.5,6.02,5.4
metalaxyl,2,16,2,0.5,5.99,6.84
metalaxyl,2,16,3,0.5,6.1,7.1
metalaxyl,2,16,1,1,4.9,5.99
metalaxyl,2,16,2,1,6.11,6.23
metalaxyl,2,16,3,1,5.34,4.88
